"keys","de","en_GB","en_IN","en_US","es_ES","es_LA","fr","it","ja","ko","pt_BR","pt_PT","ru","zh_Hans","zh_Hant"
"COACH_MARK_INVENTORY_MESSAGE","Drücken Sie E oder Select, um Ihr Inventar zu öffnen.","Press E or Select to open your inventory.","Press E or Select to open your inventory.","Press E or Select to open your inventory.","Pulsa E o Select para abrir tu inventario.","Presiona E o Select para abrir tu inventario.","Appuyez sur E ou Select pour ouvrir votre inventaire.","Premi E o Select per aprire il tuo inventario.","EまたはSelectを押してインベントリを開きます。","E 또는 Select를 눌러 인벤토리를 엽니다.","Pressione E ou Select para abrir seu inventário.","Prima E ou Select para abrir o seu inventário.","Нажмите E или Select, чтобы открыть свой инвентарь.","按 E 或 Select 打开你的库存。","按 E 或 Select 打開你的庫存。"
"COACH_MARK_INVENTORY_TITLE","Inventar","Inventory","Inventory","Inventory","Inventario","Inventario","Inventaire","Inventario","インベントリ","인벤토리","Inventário","Inventário","Инвентарь","库存","庫存"
"COACH_MARK_MOVEMENT_MESSAGE","Verwenden Sie WASD oder den linken Analogstick zur Bewegung.","Use WASD or the Left Analog Stick to move.","Use WASD or the Left Analog Stick to move.","Use WASD or the Left Analog Stick to move.","Usa WASD o el Stick Analógico Izquierdo para moverte.","Usa WASD o el Stick Analógico Izquierdo para moverte.","Utilisez WASD ou le Stick Analogique Gauche pour vous déplacer.","Usa WASD o lo Stick Analogico Sinistro per muoverti.","WASDまたは左アナログスティックで移動します。","WASD 또는 왼쪽 아날로그 스틱을 사용하여 이동합니다.","Use WASD ou o Analógico Esquerdo para se mover.","Use WASD ou o Analógico Esquerdo para se mover.","Используйте WASD или левый аналоговый стик для перемещения.","使用 WASD 或左摇杆移动。","使用 WASD 或左搖桿移動。"
"COACH_MARK_MOVEMENT_TITLE","Bewegung","Movement","Movement","Movement","Movimiento","Movimiento","Mouvement","Movimento","移動","이동","Movimento","Movimento","Движение","移动","移動"
"COACH_MARK_NEXT_BUTTON","Weiter","Next","Next","Next","Siguiente","Siguiente","Suivant","Avanti","次へ","다음","Próximo","Próximo","Далее","下一步","下一步"
"COACH_MARK_PAUSE_MESSAGE","Drücken Sie ESC oder Start, um das Spiel zu pausieren und auf die Menüs zuzugreifen.","Press ESC or Start to pause the game and access menus.","Press ESC or Start to pause the game and access menus.","Press ESC or Start to pause the game and access menus.","Pulsa ESC o Start para pausar el juego y acceder a los menús.","Presiona ESC o Start para pausar el juego y acceder a los menús.","Appuyez sur ESC ou Start pour mettre le jeu en pause et accéder aux menus.","Premi ESC o Start per mettere in pausa il gioco e accedere ai menu.","ESCまたはStartを押してゲームを一時停止し、メニューにアクセスします。","ESC 또는 Start를 눌러 게임을 일시정지하고 메뉴에 액세스합니다.","Pressione ESC ou Start para pausar o jogo e acessar os menus.","Prima ESC ou Start para pausar o jogo e aceder aos menus.","Нажмите ESC или Start, чтобы приостановить игру и получить доступ к меню.","按 ESC 或 Start 暂停游戏并访问菜单。","按 ESC 或 Start 暫停遊戲並訪問選單。"
"COACH_MARK_PAUSE_TITLE","Spiel pausieren","Pause Game","Pause Game","Pause Game","Pausar Juego","Pausar Juego","Mettre le Jeu en Pause","Metti in Pausa il Gioco","ゲームを一時停止","게임 일시정지","Pausar Jogo","Pausar Jogo","Приостановить игру","暂停游戏","暫停遊戲"
"COACH_MARK_SKIP_BUTTON","Tutorial überspringen","Skip Tutorial","Skip Tutorial","Skip Tutorial","Saltar Tutorial","Saltar Tutorial","Passer le Tutoriel","Salta Tutorial","チュートリアルをスキップ","튜토리얼 건너뛰기","Pular Tutorial","Saltar Tutorial","Пропустить обучение","跳过教程","跳過教學"
"COACH_MARK_WELCOME_MESSAGE","Willkommen im Spiel! Lassen Sie uns die Grundlagen lernen.","Welcome to the game! Let's learn the basics.","Welcome to the game! Let's learn the basics.","Welcome to the game! Let's learn the basics.","¡Bienvenido al juego! Vamos a aprender lo básico.","¡Bienvenido al juego! Vamos a aprender lo básico.","Bienvenue dans le jeu ! Apprenons les bases.","Benvenuto nel gioco! Impariamo le basi.","ゲームへようこそ！基本を学びましょう。","게임에 오신 것을 환영합니다! 기본을 배워봅시다.","Bem-vindo ao jogo! Vamos aprender o básico.","Bem-vindo ao jogo! Vamos aprender o básico.","Добро пожаловать в игру! Давайте изучим основы.","欢迎来到游戏！让我们学习基础知识。","歡迎來到遊戲！讓我們學習基礎知識。"
"COACH_MARK_WELCOME_TITLE","Willkommen!","Welcome!","Welcome!","Welcome!","¡Bienvenido!","¡Bienvenido!","Bienvenue !","Benvenuto!","ようこそ！","환영합니다!","Bem-vindo!","Bem-vindo!","Добро пожаловать!","欢迎！","歡迎！"
"DEBUG_CONSOLE_READY","Debug-Konsole bereit. Drücken Sie 'P' zum Umschalten.","Debug Console ready. Press 'P' to toggle.","Debug Console ready. Press 'P' to toggle.","Debug Console ready. Press 'P' to toggle.","Consola de Depuración lista. Pulsa 'P' para alternar.","Consola de Depuración lista. Presiona 'P' para alternar.","Console de débogage prête. Appuyez sur 'P' pour basculer.","Console di Debug pronta. Premi 'P' per attivare/disattivare.","デバッグコンソール準備完了。'P'を押して切り替えます。","디버그 콘솔 준비 완료. 'P'를 눌러 전환합니다.","Console de Depuração pronto. Pressione 'P' para alternar.","Consola de Depuração pronta. Prima 'P' para alternar.","Консоль отладки готова. Нажмите 'P' для переключения.","调试控制台已就绪。按 'P' 切换。","偵錯控制台已就緒。按 'P' 鍵切換。"
"DEBUG_CORES","  Kerne: {cores}","  Cores: {cores}","  Cores: {cores}","  Cores: {cores}","  Núcleos: {cores}","  Núcleos: {cores}","  Cœurs: {cores}","  Core: {cores}","  コア: {cores}","  코어: {cores}","  Núcleos: {cores}","  Núcleos: {cores}","  Ядра: {cores}","  核心: {cores}","  核心: {cores}"
"DEBUG_CURRENT_SCENE","  Aktuelle Szene: {scene}","  Current Scene: {scene}","  Current Scene: {scene}","  Current Scene: {scene}","  Escena Actual: {scene}","  Escena Actual: {scene}","  Scène Actuelle: {scene}","  Scena Attuale: {scene}","  現在のシーン: {scene}","  현재 장면: {scene}","  Cena Atual: {scene}","  Cena Atual: {scene}","  Текущая сцена: {scene}","  当前场景: {scene}","  目前場景: {scene}"
"DEBUG_DISPLAY_SECTION","[b]Anzeige[/b]","[b]Display[/b]","[b]Display[/b]","[b]Display[/b]","[b]Pantalla[/b]","[b]Pantalla[/b]","[b]Affichage[/b]","[b]Display[/b]","[b]ディスプレイ[/b]","[b]디스플레이[/b]","[b]Display[/b]","[b]Ecrã[/b]","[b]Дисплей[/b]","[b]显示[/b]","[b]顯示[/b]"
"DEBUG_GAME_SECTION","[b]Spiel[/b]","[b]Game[/b]","[b]Game[/b]","[b]Game[/b]","[b]Juego[/b]","[b]Juego[/b]","[b]Jeu[/b]","[b]Gioco[/b]","[b]ゲーム[/b]","[b]게임[/b]","[b]Jogo[/b]","[b]Jogo[/b]","[b]Игра[/b]","[b]游戏[/b]","[b]遊戲[/b]"
"DEBUG_GAME_STATE","  Status: {state}","  State: {state}","  State: {state}","  State: {state}","  Estado: {state}","  Estado: {state}","  État: {state}","  Stato: {state}","  状態: {state}","  상태: {state}","  Estado: {state}","  Estado: {state}","  Состояние: {state}","  状态: {state}","  狀態: {state}"
"DEBUG_GAME_VERSION","  Spielversion: ","  Game Version: ","  Game Version: ","  Game Version: ","  Versión del Juego: ","  Versión del Juego: ","  Version du Jeu: ","  Versione del Gioco: ","  ゲームバージョン: ","  게임 버전: ","  Versão do Jogo: ","  Versão do Jogo: ","  Версия игры: ","  游戏版本: ","  遊戲版本: "
"DEBUG_LAST_SAVE","  Letzter Speicherstand: N/A","  Last Save: N/A","  Last Save: N/A","  Last Save: N/A","  Última Partida Guardada: N/A","  Último Guardado: N/A","  Dernière Sauvegarde: N/A","  Ultimo Salvataggio: N/A","  最終セーブ: N/A","  마지막 저장: N/A","  Último Save: N/A","  Último Guardar: N/A","  Последнее сохранение: Н/Д","  上次保存: 不适用","  上次儲存: 不適用"
"DEBUG_LOG_TITLE","Globales Ereignisprotokoll","Global Events Log","Global Events Log","Global Events Log","Registro de Eventos Globales","Registro de Eventos Globales","Journal des Événements Globaux","Registro Eventi Globali","グローバルイベントログ","글로벌 이벤트 로그","Log de Eventos Globais","Registo de Eventos Globais","Журнал глобальных событий","全局事件日志","全域事件日誌"
"DEBUG_MONITOR","  Monitor: {monitor}","  Monitor: {monitor}","  Monitor: {monitor}","  Monitor: {monitor}","  Monitor: {monitor}","  Monitor: {monitor}","  Moniteur: {monitor}","  Monitor: {monitor}","  モニター: {monitor}","  모니터: {monitor}","  Monitor: {monitor}","  Monitor: {monitor}","  Монитор: {monitor}","  显示器: {monitor}","  顯示器: {monitor}"
"DEBUG_MONITOR_INFO","Monitor {id}: {size} @ {hz}Hz","Monitor {id}: {size} @ {hz}Hz","Monitor {id}: {size} @ {hz}Hz","Monitor {id}: {size} @ {hz}Hz","Monitor {id}: {size} @ {hz}Hz","Monitor {id}: {size} @ {hz}Hz","Moniteur {id}: {size} @ {hz}Hz","Monitor {id}: {size} @ {hz}Hz","モニター {id}: {size} @ {hz}Hz","모니터 {id}: {size} @ {hz}Hz","Monitor {id}: {size} @ {hz}Hz","Monitor {id}: {size} @ {hz}Hz","Монитор {id}: {size} @ {hz}Гц","显示器 {id}: {size} @ {hz}Hz","顯示器 {id}: {size} @ {hz}Hz"
"DEBUG_OS","  Betriebssystem: {os}","  OS: {os}","  OS: {os}","  OS: {os}","  SO: {os}","  SO: {os}","  OS: {os}","  SO: {os}","  OS: {os}","  OS: {os}","  SO: {os}","  SO: {os}","  ОС: {os}","  操作系统: {os}","  作業系統: {os}"
"DEBUG_PROCESSOR","  Prozessor: {processor}","  Processor: {processor}","  Processor: {processor}","  Processor: {processor}","  Procesador: {processor}","  Procesador: {processor}","  Processeur: {processor}","  Processore: {processor}","  プロセッサー: {processor}","  프로세서: {processor}","  Processador: {processor}","  Processador: {processor}","  Процессор: {processor}","  处理器: {processor}","  處理器: {processor}"
"DEBUG_RAM","  RAM: {ram}","  RAM: {ram}","  RAM: {ram}","  RAM: {ram}","  RAM: {ram}","  RAM: {ram}","  RAM: {ram}","  RAM: {ram}","  RAM: {ram}","  RAM: {ram}","  RAM: {ram}","  RAM: {ram}","  ОЗУ: {ram}","  内存: {ram}","  記憶體: {ram}"
"DEBUG_SIGNAL_RECEIVED","Signal '{signal}' empfangen","Signal '{signal}' received","Signal '{signal}' received","Signal '{signal}' received","Señal '{signal}' recibida","Señal '{signal}' recibida","Signal '{signal}' reçu","Segnale '{signal}' ricevuto","シグナル '{signal}' を受信しました","신호 '{signal}' 수신됨","Sinal '{signal}' recebido","Sinal '{signal}' recebido","Получен сигнал '{signal}'","收到信号 '{signal}'","收到信號 '{signal}"
"DEBUG_SYSTEM_SECTION","[b]System[/b]","[b]System[/b]","[b]System[/b]","[b]System[/b]","[b]Sistema[/b]","[b]Sistema[/b]","[b]Système[/b]","[b]Sistema[/b]","[b]システム[/b]","[b]시스템[/b]","[b]Sistema[/b]","[b]Sistema[/b]","[b]Система[/b]","[b]系统[/b]","[b]系統[/b]"
"DEBUG_VIDEO_ADAPTER","  Grafikkarte: {adapter}","  Video Adapter: {adapter}","  Video Adapter: {adapter}","  Video Adapter: {adapter}","  Adaptador de Vídeo: {adapter}","  Adaptador de Video: {adapter}","  Adaptateur Vidéo: {adapter}","  Adattatore Video: {adapter}","  ビデオアダプター: {adapter}","  비디오 어댑터: {adapter}","  Adaptador de Vídeo: {adapter}","  Adaptador de Vídeo: {adapter}","  Видеоадаптер: {adapter}","  显卡: {adapter}","  顯示卡: {adapter}"
"DEBUG_VIDEO_DRIVER","  Grafiktreiber: {driver}","  Video Driver: {driver}","  Video Driver: {driver}","  Video Driver: {driver}","  Controlador de Vídeo: {driver}","  Controlador de Video: {driver}","  Pilote Vidéo: {driver}","  Driver Video: {driver}","  ビデオドライバー: {driver}","  비디오 드라이버: {driver}","  Driver de Vídeo: {driver}","  Controlador de Vídeo: {driver}","  Видеодрайвер: {driver}","  显卡驱动: {driver}","  顯示卡驅動程式: {driver}"
"DEBUG_VIDEO_RENDERER","  Video-Renderer: {renderer}","  Video Renderer: {renderer}","  Video Renderer: {renderer}","  Video Renderer: {renderer}","  Renderizador de Vídeo: {renderer}","  Renderizador de Video: {renderer}","  Rendu Vidéo: {renderer}","  Renderer Video: {renderer}","  ビデオレンダラー: {renderer}","  비디오 렌더러: {renderer}","  Renderizador de Vídeo: {renderer}","  Renderizador de Vídeo: {renderer}","  Видеорендерер: {renderer}","  视频渲染器: {renderer}","  視訊渲染器: {renderer}"
"DEBUG_WITH_ARGS"," mit Argumenten: {{args}}"," with arguments: {{args}}"," with arguments: {{args}}"," with arguments: {{args}}"," con argumentos: {{args}}"," con argumentos: {{args}}"," avec arguments: {{args}}"," con argomenti: {{args}}"," 引数付き: {{args}}"," 인수: {{args}}"," com argumentos: {{args}}"," com argumentos: {{args}}"," с аргументами: {{args}}"," 带参数: {{args}}"," 帶參數: {{args}}"
"ENEMY_DUMMY_DESC","Ein stationäres Ziel zum Üben.","A stationary target for practice.","A stationary target for practice.","A stationary target for practice.","Un objetivo estacionario para practicar.","Un objetivo estacionario para practicar.","Une cible stationnaire pour la pratique.","Un bersaglio stazionario per la pratica.","練習用の静止ターゲット。","연습용 고정 목표물입니다.","Um alvo estacionário para prática.","Um alvo estacionário para prática.","Стационарная цель для тренировок.","一个用于练习的静止目标。","一個用於練習的靜止目標。"
"ENEMY_DUMMY_NAME","Trainingspuppe","Training Dummy","Training Dummy","Training Dummy","Muñeco de Entrenamiento","Muñeco de Entrenamiento","Mannequin d'Entraînement","Manichino da Addestramento","訓練ダミー","훈련용 더미","Boneco de Treino","Boneco de Treino","Тренировочный манекен","训练假人","訓練假人"
"ENEMY_HUNTER_DESC","Ein agiler Feind, der den Spieler aktiv verfolgt.","An agile enemy that actively pursues the player.","An agile enemy that actively pursues the player.","An agile enemy that actively pursues the player.","Un enemigo ágil que persigue activamente al jugador.","Un enemigo ágil que persigue activamente al jugador.","Un ennemi agile qui poursuit activement le joueur.","Un nemico agile che insegue attivamente il giocatore.","プレイヤーを積極的に追跡する機敏な敵。","플레이어를 적극적으로 추격하는 민첩한 적입니다.","Um inimigo ágil que persegue ativamente o jogador.","Um inimigo ágil que persegue ativamente o jogador.","Ловкий враг, активно преследующий игрока.","一个积极追逐玩家的敏捷敌人。","一個積極追逐玩家的敏捷敵人。"
"ENEMY_HUNTER_NAME","Jäger","Hunter","Hunter","Hunter","Cazador","Cazador","Chasseur","Cacciatore","ハンター","사냥꾼","Caçador","Caçador","Охотник","猎人","獵人"
"ENEMY_PATROL_BOT_DESC","Ein Roboter, der einen festen Weg patrouilliert.","A robot that patrols a fixed path.","A robot that patrols a fixed path.","A robot that patrols a fixed path.","Un robot que patrulla un camino fijo.","Un robot que patrulla un camino fijo.","Un robot qui patrouille un chemin fixe.","Un robot che pattuglia un percorso fisso.","固定経路をパトロールするロボット。","고정된 경로를 순찰하는 로봇입니다.","Um robô que patrulha um caminho fixo.","Um robô que patrulha um caminho fixo.","Робот, патрулирующий фиксированный путь.","一个巡逻固定路径的机器人。","一個巡邏固定路徑的機器人。"
"ENEMY_PATROL_BOT_NAME","Patrouillenroboter","Patrol Bot","Patrol Bot","Patrol Bot","Robot Patrulla","Robot Patrulla","Robot Patrouilleur","Robot di Pattuglia","パトロールボット","순찰 로봇","Robô Patrulha","Robô Patrulha","Патрульный робот","巡逻机器人","巡邏機器人"
"INPUT_ATTACK_NAME","Angreifen","Attack","Attack","Attack","Atacar","Atacar","Attaquer","Attacca","攻撃","공격","Atacar","Atacar","Атака","攻击","攻擊"
"INPUT_CROUCH_NAME","Hocken","Crouch","Crouch","Crouch","Agacharse","Agacharse","S'accroupir","Accovacciati","しゃがむ","웅크리기","Abaixar","Agachar","Присесть","蹲伏","蹲伏"
"INPUT_INVENTORY_NAME","Inventar","Inventory","Inventory","Inventory","Inventario","Inventario","Inventaire","Inventario","インベントリ","인벤토리","Inventário","Inventário","Инвентарь","库存","庫存"
"INPUT_JUMP_NAME","Springen","Jump","Jump","Jump","Saltar","Saltar","Sauter","Salta","ジャンプ","점프","Pular","Saltar","Прыжок","跳跃","跳躍"
"INPUT_MOVE_DOWN_NAME","Nach unten bewegen","Move Down","Move Down","Move Down","Mover Abajo","Mover Abajo","Déplacer en Bas","Sposta in Basso","下に移動","아래로 이동","Mover Baixo","Mover Baixo","Движение вниз","向下移动","向下移動"
"INPUT_MOVE_LEFT_NAME","Nach links bewegen","Move Left","Move Left","Move Left","Mover Izquierda","Mover Izquierda","Déplacer à Gauche","Sposta a Sinistra","左に移動","왼쪽으로 이동","Mover Esquerda","Mover Esquerda","Движение влево","向左移动","向左移動"
"INPUT_MOVE_RIGHT_NAME","Nach rechts bewegen","Move Right","Move Right","Move Right","Mover Derecha","Mover Derecha","Déplacer à Droite","Sposta a Destra","右に移動","오른쪽으로 이동","Mover Direita","Mover Direita","Движение вправо","向右移动","向右移動"
"INPUT_MOVE_UP_NAME","Nach oben bewegen","Move Up","Move Up","Move Up","Mover Arriba","Mover Arriba","Déplacer en Haut","Sposta in Alto","上に移動","위로 이동","Mover Cima","Mover Cima","Движение вверх","向上移动","向上移動"
"INPUT_MUSIC_CHANGE_NAME","Musik wechseln","Change Music","Change Music","Change Music","Cambiar Música","Cambiar Música","Changer de Musique","Cambia Musica","音楽変更","음악 변경","Trocar Música","Mudar Música","Сменить музыку","切换音乐","切換音樂"
"INPUT_PAUSE_NAME","Pause","Pause","Pause","Pause","Pausar","Pausar","Pause","Pausa","一時停止","일시정지","Pausar","Pausar","Пауза","暂停","暫停"
"INPUT_RELOAD_NAME","Nachladen","Reload","Reload","Reload","Recargar","Recargar","Recharger","Ricarica","リロード","재장전","Recarregar","Recarregar","Перезарядка","重新装弹","重新裝彈"
"INPUT_SPECIAL_NAME","Spezialfähigkeit","Special Ability","Special Ability","Special Ability","Habilidad Especial","Habilidad Especial","Capacité Spéciale","Abilità Speciale","特殊能力","특수 능력","Habilidade Especial","Habilidade Especial","Особая способность","特殊能力","特殊能力"
"INPUT_SPRINT_NAME","Sprinten","Sprint","Sprint","Sprint","Correr","Correr","Sprinter","Scatto","スプリント","질주","Correr","Correr","Бег","冲刺","衝刺"
"INPUT_TOGGLE_CONSOLE_NAME","Konsole umschalten","Toggle Console","Toggle Console","Toggle Console","Alternar Consola","Alternar Consola","Basculer la Console","Attiva/Disattiva Console","コンソール切り替え","콘솔 전환","Alternar Console","Alternar Consola","Переключить консоль","切换控制台","切換控制台"
"ITEM_DAMAGE_BOOST_DESC","Erhöht vorübergehend Ihren Angriffsschaden.","Temporarily increases your attack damage.","Temporarily increases your attack damage.","Temporarily increases your attack damage.","Aumenta temporalmente tu daño de ataque.","Aumenta temporalmente tu daño de ataque.","Augmente temporairement vos dégâts d'attaque.","Aumenta temporaneamente il tuo danno d'attacco.","一時的に攻撃ダメージを増加させます。","일시적으로 공격 피해를 증가시킵니다.","Aumenta temporariamente o seu dano de ataque.","Aumenta temporariamente o seu dano de ataque.","Временно увеличивает ваш урон от атаки.","暂时增加你的攻击伤害。","暫時增加你的攻擊傷害。"
"ITEM_DAMAGE_BOOST_NAME","Schadensverstärkungstrank","Damage Boost Potion","Damage Boost Potion","Damage Boost Potion","Poción de Aumento de Daño","Poción de Aumento de Daño","Potion d'Augmentation des Dégâts","Pozione Aumento Danno","ダメージブーストポーション","피해 증폭 물약","Poção de Aumento de Dano","Poção de Aumento de Dano","Зелье усиления урона","伤害增益药水","傷害增益藥水"
"ITEM_GENERIC_DESC","Ein Platzhalter-Gegenstand.","A placeholder item.","A placeholder item.","A placeholder item.","Un objeto de relleno.","Un objeto de relleno.","Un objet de remplissage.","Un oggetto di riempimento.","プレースホルダーアイテム。","자리 표시자 아이템입니다.","Um item de preenchimento.","Um item de preenchimento.","Предмет-заполнитель.","一个占位符物品。","一個佔位符物品。"
"ITEM_GENERIC_NAME","Generischer Gegenstand","Generic Item","Generic Item","Generic Item","Objeto Genérico","Objeto Genérico","Objet Générique","Oggetto Generico","汎用アイテム","일반 아이템","Item Genérico","Item Genérico","Обычный предмет","通用物品","通用物品"
"ITEM_HEALING_POTION_DESC","Stellt einen Teil Ihrer Gesundheit wieder her.","Restores a portion of your health.","Restores a portion of your health.","Restores a portion of your health.","Restaura una porción de tu vida.","Restaura una porción de tu vida.","Restaure une partie de votre vie.","Ripristina una porzione della tua vita.","体力を一部回復します。","체력의 일부를 회복합니다.","Restaura uma porção da sua vida.","Restaura uma porção da sua vida.","Восстанавливает часть вашего здоровья.","恢复一部分生命值。","恢復一部分生命值。"
"ITEM_HEALING_POTION_NAME","Heiltrank","Healing Potion","Healing Potion","Healing Potion","Poción de Curación","Poción de Curación","Potion de Soin","Pozione Curativa","回復ポーション","회복 물약","Poção de Cura","Poção de Cura","Зелье исцеления","治疗药水","治療藥水"
"POPOVER_CONFIRM_USE_ITEM_MESSAGE","Möchten Sie diesen Gegenstand wirklich benutzen?","Are you sure you want to use this item?","Are you sure you want to use this item?","Are you sure you want to use this item?","¿Estás seguro de que quieres usar este objeto?","¿Estás seguro de que quieres usar este objeto?","Êtes-vous sûr de vouloir utiliser cet objet ?","Sei sicuro di voler usare questo oggetto?","このアイテムを使用してもよろしいですか？","이 아이템을 사용하시겠습니까?","Tem certeza que deseja usar este item?","Tem certeza que deseja usar este item?","Вы уверены, что хотите использовать этот предмет?","您确定要使用此物品吗？","您確定要使用此物品嗎？"
"POPOVER_CONFIRM_USE_ITEM_TITLE","Nutzung bestätigen","Confirm Use","Confirm Use","Confirm Use","Confirmar Uso","Confirmar Uso","Confirmer l'Utilisation","Conferma Utilizzo","使用を確認","사용 확인","Confirmar Uso","Confirmar Uso","Подтвердить использование","确认使用","確認使用"
"POPOVER_NO","Nein","No","No","No","No","No","Non","No","いいえ","아니요","Não","Não","Нет","否","否"
"POPOVER_YES","Ja","Yes","Yes","Yes","Sí","Sí","Oui","Sì","はい","예","Sim","Sim","Да","是","是"
"TOAST_ERROR_LOAD_FAILED_MESSAGE","Fehler beim Laden des Spielfortschritts.","Failed to load game progress.","Failed to load game progress.","Failed to load game progress.","Error al cargar el progreso del juego.","Error al cargar el progreso del juego.","Échec du chargement de la progression du jeu.","Impossibile caricare i progressi del gioco.","ゲームの進行状況のロードに失敗しました。","게임 진행 상황을 로드하지 못했습니다.","Falha ao carregar o progresso do jogo.","Falha ao carregar o progresso do jogo.","Не удалось загрузить прогресс игры.","加载游戏进度失败。","載入遊戲進度失敗。"
"TOAST_ERROR_SAVE_FAILED_MESSAGE","Fehler beim Speichern des Spielfortschritts.","Failed to save game progress.","Failed to save game progress.","Failed to save game progress.","Error al guardar el progreso del juego.","Error al guardar el progreso del juego.","Échec de la sauvegarde de la progression du jeu.","Impossibile salvare i progressi del gioco.","ゲームの進行状況の保存に失敗しました。","게임 진행 상황을 저장하지 못했습니다.","Falha ao salvar o progresso do jogo.","Falha ao guardar o progresso do jogo.","Не удалось сохранить прогресс игры.","保存游戏进度失败。","儲存遊戲進度失敗。"
"TOAST_ERROR_SAVE_FAILED_TITLE","Speichern fehlgeschlagen","Save Failed","Save Failed","Save Failed","Error al Guardar","Error al Guardar","Échec de la Sauvegarde","Salvataggio Fallito","保存に失敗しました","저장 실패","Falha ao Salvar","Falha ao Guardar","Ошибка сохранения","保存失败","儲存失敗"
"TOAST_ITEM_COLLECTED_MESSAGE","Sie haben einen Gegenstand aufgenommen!","You picked up an item!","You picked up an item!","You picked up an item!","¡Has recogido un objeto!","¡Has recogido un objeto!","Vous avez ramassé un objet !","Hai raccolto un oggetto!","アイテムを拾いました！","아이템을 획득했습니다!","Você pegou um item!","Recolheu um item!","Вы подобрали предмет!","你捡到了一件物品！","你撿到了一件物品！"
"TOAST_ITEM_COLLECTED_TITLE","Gegenstand gesammelt","Item Collected","Item Collected","Item Collected","Objeto Recogido","Objeto Recogido","Objet Collecté","Oggetto Raccolto","アイテムを収集しました","아이템 획득","Item Coletado","Item Recolhido","Предмет собран","物品已收集","物品已收集"
"TOAST_ITEM_EQUIPPED_MESSAGE","Gegenstand ausgerüstet: {item_name}!","Item equipped: {item_name}!","Item equipped: {item_name}!","Item equipped: {item_name}!","¡Objeto equipado: {item_name}!","¡Objeto equipado: {item_name}!","Objet équipé : {item_name} !","Oggetto equipaggiato: {item_name}!","アイテムを装備しました: {item_name}！","아이템 장착: {item_name}!","Item equipado: {item_name}!","Item equipado: {item_name}!","Предмет экипирован: {item_name}!","物品已装备：{item_name}！","物品已裝備：{item_name}！"
"TOAST_ITEM_USED_MESSAGE","Gegenstand benutzt: {item_name}!","Item used: {item_name}!","Item used: {item_name}!","Item used: {item_name}!","¡Objeto usado: {item_name}!","¡Objeto usado: {item_name}!","Objet utilisé : {item_name} !","Oggetto usato: {item_name}!","アイテムを使用しました: {item_name}！","아이템 사용: {item_name}!","Item usado: {item_name}!","Item usado: {item_name}!","Предмет использован: {item_name}!","物品已使用：{item_name}！","物品已使用：{item_name}！"
"TOAST_LOAD_SUCCESS_MESSAGE","Spiel erfolgreich geladen!","Game loaded successfully!","Game loaded successfully!","Game loaded successfully!","¡Juego cargado con éxito!","¡Juego cargado con éxito!","Jeu chargé avec succès !","Gioco caricato con successo!","ゲームが正常にロードされました！","게임이 성공적으로 로드되었습니다!","Jogo carregado com sucesso!","Jogo carregado com sucesso!","Игра успешно загружена!","游戏加载成功！","遊戲載入成功！"
"TOAST_SETTINGS_SAVED_MESSAGE","Ihre Spieleinstellungen wurden gespeichert.","Your game settings have been saved.","Your game settings have been saved.","Your game settings have been saved.","Tu configuración de juego ha sido guardada.","Tu configuración de juego ha sido guardada.","Vos paramètres de jeu ont été sauvegardés.","Le tue impostazioni di gioco sono state salvate.","ゲーム設定が保存されました。","게임 설정이 저장되었습니다.","Suas configurações de jogo foram salvas.","As suas definições de jogo foram guardadas.","Ваши игровые настройки были сохранены.","您的游戏设置已保存。","您的遊戲設定已儲存。"
"TOAST_SETTINGS_SAVED_TITLE","Einstellungen gespeichert","Settings Saved","Settings Saved","Settings Saved","Configuración Guardada","Configuración Guardada","Paramètres Sauvegardés","Impostazioni Salvate","設定を保存しました","설정 저장됨","Configurações Salvas","Definições Guardadas","Настройки сохранены","设置已保存","設定已儲存"
"TOOLTIP_ASPECT_RATIO_DESC","Passt das Seitenverhältnis des Bildschirms an (z.B. 16:9, 4:3).","Adjusts the screen aspect ratio (e.g., 16:9, 4:3).","Adjusts the screen aspect ratio (e.g., 16:9, 4:3).","Adjusts the screen aspect ratio (e.g., 16:9, 4:3).","Ajusta la relación de aspecto de la pantalla (ej: 16:9, 4:3).","","Ajuste le ratio d'aspect de l'écran (ex: 16:9, 4:3).","Regola le proporzioni dello schermo (es: 16:9, 4:3).","画面のアスペクト比を調整します（例：16:9、4:3）。","화면 비율을 조정합니다 (예: 16:9, 4:3).","Ajusta a proporção da tela (ex: 16:9, 4:3).","Ajusta a proporção do ecrã (ex: 16:9, 4:3).","Регулирует соотношение сторон экрана (например, 16:9, 4:3).","调整屏幕宽高比（例如：16:9，4:3）。","調整螢幕長寬比（例如：16:9，4:3）。"
"TOOLTIP_ASPECT_RATIO_TITLE","Seitenverhältnis","Aspect Ratio","Aspect Ratio","Aspect Ratio","Relación de Aspecto","","Ratio d'Aspect","Proporzioni dello Schermo","アスペクト比","화면 비율","Proporção da Tela","Proporção do Ecrã","Соотношение сторон","宽高比","長寬比"
"TOOLTIP_BRIGHTNESS_DESC","Passt die allgemeine Helligkeit des Spiels an.","Adjusts the overall luminosity of the game.","Adjusts the overall luminosity of the game.","Adjusts the overall luminosity of the game.","Ajusta la luminosidad general del juego.","","Ajuste la luminosité générale du jeu.","Regola la luminosità generale del gioco.","ゲーム全体の明るさを調整します。","게임의 전반적인 밝기를 조정합니다.","Ajusta a luminosidade geral do jogo.","Ajusta a luminosidade geral do jogo.","Регулирует общую яркость игры.","调整游戏整体亮度。","調整遊戲整體亮度。"
"TOOLTIP_BRIGHTNESS_TITLE","Helligkeit","Brightness","Brightness","Brightness","Brillo","","Luminosité","Luminosità","明るさ","밝기","Brilho","Brilho","Яркость","亮度","亮度"
"TOOLTIP_COLORBLIND_MODE_DESC","Wendet einen Farbfilter für Farbenblindheit an (Protanopie, Deuteranopie, Tritanopie).","Applies a colour filter for colourblindness (Protanopia, Deuteranopia, Tritanopia).","Applies a color filter for colorblindness (Protanopia, Deuteranopia, Tritanopia).","Applies a color filter for colorblindness (Protanopia, Deuteranopia, Tritanopia).","Aplica un filtro de color para daltonismo (Protanopia, Deuteranopia, Tritanopia).","","Applique un filtre de couleur pour le daltonisme (Protanopie, Deutéranopie, Tritanopie).","Applica un filtro colore per il daltonismo (Protanopia, Deuteranopia, Tritanopia).","色覚異常（第一色覚異常、第二色覚異常、第三色覚異常）のカラーフィルターを適用します。","색맹 (적색맹, 녹색맹, 청색맹)을 위한 색상 필터를 적용합니다.","Aplica um filtro de cor para daltonismo (Protanopia, Deuteranopia, Tritanopia).","Aplica um filtro de cor para daltonismo (Protanopia, Deuteranopia, Tritanopia).","Применяет цветовой фильтр для дальтоников (протанопия, дейтеранопия, тританопия).","应用色盲滤镜（红色盲、绿色盲、蓝色盲）。","應用色盲濾鏡（紅色盲、綠色盲、藍色盲）。"
"TOOLTIP_COLORBLIND_MODE_TITLE","Farbenblind-Modus","Colourblind Mode","Colorblind Mode","Colorblind Mode","Modo Daltónico","","Mode Daltonien","Modalità Daltonici","色覚異常モード","색맹 모드","Modo Daltônico","Modo Daltónico","Режим для дальтоников","色盲模式","色盲模式"
"TOOLTIP_CONTRAST_DESC","Passt den Unterschied zwischen hellen und dunklen Bereichen an.","Adjusts the difference between light and dark areas.","Adjusts the difference between light and dark areas.","Adjusts the difference between light and dark areas.","Ajusta la diferencia entre áreas claras y oscuras.","","Ajuste la différence entre les zones claires et sombres.","Regola la differenza tra aree chiare e scure.","明るい領域と暗い領域の差を調整します。","밝은 영역과 어두운 영역의 차이를 조정합니다.","Ajusta a diferença entre áreas claras e escuras.","Ajusta a diferença entre áreas claras e escuras.","Регулирует разницу между светлыми и темными областями.","调整亮区和暗区之间的差异。","調整亮區和暗區之間的差異。"
"TOOLTIP_CONTRAST_TITLE","Kontrast","Contrast","Contrast","Contrast","Contraste","","Contraste","Contrasto","コントラスト","대비","Contraste","Contraste","Контраст","对比度","對比度"
"TOOLTIP_DYNAMIC_RENDER_SCALE_DESC","Passt die Render-Auflösung dynamisch an, um die Leistung zu verbessern.","Dynamically adjusts rendering resolution for better performance.","Dynamically adjusts rendering resolution for better performance.","Dynamically adjusts rendering resolution for better performance.","Ajusta dinámicamente la resolución de renderizado para un mejor rendimiento.","","Ajuste dynamiquement la résolution de rendu pour de meilleures performances.","Regola dinamicamente la risoluzione di rendering per migliori prestazioni.","パフォーマンス向上のため、レンダリング解像度を動的に調整します。","더 나은 성능을 위해 렌더링 해상도를 동적으로 조정합니다.","Ajusta dinamicamente a resolução de renderização para melhor desempenho.","Ajusta dinamicamente a resolução de renderização para melhor desempenho.","Динамически регулирует разрешение рендеринга для повышения производительности.","动态调整渲染分辨率以获得更好的性能。","動態調整渲染解析度以獲得更好的效能。"
"TOOLTIP_DYNAMIC_RENDER_SCALE_TITLE","Dynamische Render-Skalierung","Dynamic Render Scale","Dynamic Render Scale","Dynamic Render Scale","Escala de Renderizado Dinámico","","Échelle de Rendu Dynamique","Scala di Rendering Dinamica","動的レンダースケール","동적 렌더링 스케일","Escala de Renderização Dinâmica","Escala de Renderização Dinâmica","Динамическое масштабирование рендеринга","动态渲染缩放","動態渲染縮放"
"TOOLTIP_EFFECTS_QUALITY_DESC","Definiert die visuelle Qualität der Spezialeffekte.","Defines the visual quality of special effects.","Defines the visual quality of special effects.","Defines the visual quality of special effects.","Define la calidad visual de los efectos especiales.","","Définit la qualité visuelle des effets spéciaux.","Definisce la qualità visiva degli effetti speciali.","特殊効果の視覚品質を定義します。","특수 효과의 시각적 품질을 정의합니다.","Define a qualidade visual dos efeitos especiais.","Define a qualidade visual dos efeitos especiais.","Определяет визуальное качество спецэффектов.","定义特殊效果的视觉质量。","定義特殊效果的視覺品質。"
"TOOLTIP_EFFECTS_QUALITY_TITLE","Effektqualität","Effects Quality","Effects Quality","Effects Quality","Calidad de Efectos","","Qualité des Effets","Qualità Effetti","エフェクト品質","효과 품질","Qualidade dos Efeitos","Qualidade dos Efeitos","Качество эффектов","效果质量","效果品質"
"TOOLTIP_FRAME_RATE_LIMIT_DESC","Legt die maximale Anzahl der Bilder pro Sekunde fest, die das Spiel rendern wird.","Sets the maximum frames per second the game will render.","Sets the maximum frames per second the game will render.","Sets the maximum frames per second the game will render.","Define el máximo de cuadros por segundo que el juego renderizará.","","Définit le maximum d'images par seconde que le jeu rendra.","Imposta il massimo di fotogrammi al secondo che il gioco renderizzerà.","ゲームがレンダリングする1秒あたりの最大フレーム数を設定します。","게임이 렌더링할 초당 최대 프레임 수를 설정합니다.","Define o máximo de quadros por segundo que o jogo irá renderizar.","Define o máximo de quadros por segundo que o jogo irá renderizar.","Устанавливает максимальное количество кадров в секунду, которое будет рендерить игра.","设置游戏每秒渲染的最大帧数。","設定遊戲每秒渲染的最大幀數。"
"TOOLTIP_FRAME_RATE_LIMIT_TITLE","Bildratenbegrenzung","Frame Rate Limit","Frame Rate Limit","Frame Rate Limit","Límite de Tasa de Cuadros","","Limite de Fréquence d'Images","Limite Frequenza Fotogrammi","フレームレート制限","프레임 속도 제한","Limite de Taxa de Quadros","Limite de Taxa de Quadros","Ограничение частоты кадров","帧率限制","幀率限制"
"TOOLTIP_GAMMA_CORRECTION_DESC","Passt die allgemeine Helligkeit und den Kontrast der Spielgrafik an.","Adjusts the overall brightness and contrast of the game visuals.","Adjusts the overall brightness and contrast of the game visuals.","Adjusts the overall brightness and contrast of the game visuals.","Ajusta el brillo y contraste general de los visuales del juego.","","Ajuste la luminosité et le contraste général des visuels du jeu.","Regola la luminosità e il contrasto generale della grafica del gioco.","ゲームのビジュアル全体の明るさとコントラストを調整します。","게임 비주얼의 전반적인 밝기와 대비를 조정합니다.","Ajusta o brilho e contraste geral dos visuais do jogo.","Ajusta o brilho e contraste geral dos visuais do jogo.","Регулирует общую яркость и контрастность графики игры.","调整游戏视觉效果的整体亮度和对比度。","調整遊戲視覺效果的整體亮度和對比度。"
"TOOLTIP_GAMMA_CORRECTION_TITLE","Gammakorrektur","Gamma Correction","Gamma Correction","Gamma Correction","Corrección Gamma","","Correction Gamma","Correzione Gamma","ガンマ補正","감마 보정","Correção Gama","Correção Gama","Гамма-коррекция","伽马校正","伽瑪校正"
"TOOLTIP_MASTER_VOLUME_DESC","Steuert die Gesamtlautstärke des Spiels.","Controls the overall game volume.","Controls the overall game volume.","Controls the overall game volume.","Controla el volumen general del juego.","","Contrôle le volume général du jeu.","Controlla il volume generale del gioco.","ゲーム全体の音量を制御します。","전반적인 게임 볼륨을 제어합니다.","Controla o volume geral do jogo.","Controla o volume geral do jogo.","Контролирует общую громкость игры.","控制游戏整体音量。","控制遊戲整體音量。"
"TOOLTIP_MASTER_VOLUME_TITLE","Gesamtlautstärke","Master Volume","Master Volume","Master Volume","Volumen General","","Volume Général","Volume Generale","マスターボリューム","마스터 볼륨","Volume Geral","Volume Geral","Общая громкость","主音量","主音量"
"TOOLTIP_MAX_FRAME_RATE_DESC","Legt die spezifische maximale Bildrate fest, wenn die benutzerdefinierte Begrenzung aktiviert ist.","Sets the specific maximum frame rate when custom limit is enabled.","Sets the specific maximum frame rate when custom limit is enabled.","Sets the specific maximum frame rate when custom limit is enabled.","Define la tasa máxima de cuadros específica cuando el límite personalizado está activado.","","Définit la fréquence d'images maximale spécifique lorsque la limite personnalisée est activée.","Imposta la frequenza fotogrammi massima specifica quando il limite personalizzato è attivo.","カスタム制限が有効な場合、特定の最大フレームレートを設定します。","사용자 지정 제한이 활성화된 경우 특정 최대 프레임 속도를 설정합니다.","Define a taxa máxima de quadros específica quando o limite personalizado está ativado.","Define a taxa máxima de quadros específica quando o limite personalizado está ativado.","Устанавливает конкретную максимальную частоту кадров, когда включено пользовательское ограничение.","当自定义限制启用时，设置特定的最大帧率。","當自訂限制啟用時，設定特定的最大幀率。"
"TOOLTIP_MAX_FRAME_RATE_TITLE","Maximale Bildrate","Max Frame Rate","Max Frame Rate","Max Frame Rate","Tasa Máxima de Cuadros","","Fréquence d'Images Maximale","Frequenza Fotogrammi Massima","最大フレームレート","최대 프레임 속도","Taxa Máxima de Quadros","Taxa Máxima de Quadros","Максимальная частота кадров","最大帧率","最大幀率"
"TOOLTIP_MONITOR_DESC","Wählt den Monitor aus, auf dem das Spiel ausgeführt wird.","Selects which monitor the game will run on.","Selects which monitor the game will run on.","Selects which monitor the game will run on.","Selecciona en qué monitor se ejecutará el juego.","","Sélectionne sur quel moniteur le jeu sera exécuté.","Seleziona su quale monitor verrà eseguito il gioco.","ゲームを実行するモニターを選択します。","게임이 실행될 모니터를 선택합니다.","Seleciona em qual monitor o jogo será executado.","Seleciona em qual monitor o jogo será executado.","Выбирает монитор, на котором будет запущена игра.","选择游戏将在哪个显示器上运行。","選擇遊戲將在哪個顯示器上運行。"
"TOOLTIP_MONITOR_TITLE","Monitorauswahl","Monitor Selection","Monitor Selection","Monitor Selection","Selección de Monitor","","Sélection du Moniteur","Selezione Monitor","モニター選択","모니터 선택","Seleção de Monitor","Seleção de Monitor","Выбор монитора","显示器选择","顯示器選擇"
"TOOLTIP_MUSIC_VOLUME_DESC","Steuert die Lautstärke der Spielmusik.","Controls the volume of in-game music.","Controls the volume of in-game music.","Controls the volume of in-game music.","Controla el volumen de la música del juego.","","Contrôle le volume de la musique du jeu.","Controlla il volume della musica del gioco.","ゲーム内の音楽の音量を制御します。","게임 내 음악 볼륨을 제어합니다.","Controla o volume da música do jogo.","Controla o volume da música do jogo.","Контролирует громкость внутриигровой музыки.","控制游戏内音乐音量。","控制遊戲內音樂音量。"
"TOOLTIP_MUSIC_VOLUME_TITLE","Musiklautstärke","Music Volume","Music Volume","Music Volume","Volumen de la Música","","Volume de la Musique","Volume della Musica","音楽ボリューム","음악 볼륨","Volume da Música","Volume da Música","Громкость музыки","音乐音量","音樂音量"
"TOOLTIP_REDUCE_SCREEN_SHAKE_DESC","Reduziert die Intensität der Bildschirmzittereffekte.","Reduces the intensity of screen shake effects.","Reduces the intensity of screen shake effects.","Reduces the intensity of screen shake effects.","Reduce la intensidad de los efectos de temblor de pantalla.","","Réduit l'intensité des effets de tremblement d'écran.","Riduce l'intensità degli effetti di tremolio dello schermo.","画面揺れエフェクトの強度を軽減します。","화면 흔들림 효과의 강도를 줄입니다.","Reduz a intensidade dos efeitos de tremor de tela.","Reduz a intensidade dos efeitos de tremor de ecrã.","Уменьшает интенсивность эффектов дрожания экрана.","减少屏幕抖动效果的强度。","減少螢幕抖動效果的強度。"
"TOOLTIP_REDUCE_SCREEN_SHAKE_TITLE","Bildschirmzittern reduzieren","Reduce Screen Shake","Reduce Screen Shake","Reduce Screen Shake","Reducir Temblores de Pantalla","","Réduire les Tremblements d'Écran","Riduci Tremolio Schermo","画面揺れを軽減","화면 흔들림 감소","Reduzir Tremores de Tela","Reduzir Tremores de Ecrã","Уменьшить дрожание экрана","减少屏幕抖动","減少螢幕抖動"
"TOOLTIP_RENDER_SCALE_DESC","Passt die interne Render-Auflösung manuell an.","Manually adjusts the internal rendering resolution.","Manually adjusts the internal rendering resolution.","Manually adjusts the internal rendering resolution.","Ajusta manualmente la resolución de renderizado interna.","","Ajuste manuellement la résolution de rendu interne.","Regola manualmente la risoluzione di rendering interna.","内部レンダリング解像度を手動で調整します。","내부 렌더링 해상도를 수동으로 조정합니다.","Ajusta manualmente a resolução de renderização interna.","Ajusta manualmente a resolução de renderização interna.","Вручную регулирует внутреннее разрешение рендеринга.","手动调整内部渲染分辨率。","手動調整內部渲染解析度。"
"TOOLTIP_RENDER_SCALE_TITLE","Render-Skalierung","Render Scale","Render Scale","Render Scale","Escala de Renderizado","","Échelle de Rendu","Scala di Rendering","レンダースケール","렌더링 스케일","Escala de Renderização","Escala de Renderização","Масштаб рендеринга","渲染缩放","渲染縮放"
"TOOLTIP_RESOLUTION_DESC","Legt die Bildschirmauflösung des Spiels fest.","Sets the display resolution of the game.","Sets the display resolution of the game.","Sets the display resolution of the game.","Define la resolución de la pantalla del juego.","","Définit la résolution de l'écran du jeu.","Imposta la risoluzione dello schermo del gioco.","ゲームの表示解像度を設定します。","게임의 디스플레이 해상도를 설정합니다.","Define a resolução da tela do jogo.","Define a resolução do ecrã do jogo.","Устанавливает разрешение экрана игры.","设置游戏显示分辨率。","設定遊戲顯示解析度。"
"TOOLTIP_RESOLUTION_TITLE","Auflösung","Resolution","Resolution","Resolution","Resolución","","Résolution","Risoluzione","解像度","해상도","Resolução","Resolução","Разрешение","分辨率","解析度"
"TOOLTIP_SFX_VOLUME_DESC","Steuert die Lautstärke der Soundeffekte.","Controls the volume of sound effects.","Controls the volume of sound effects.","Controls the volume of sound effects.","Controla el volumen de los efectos de sonido.","","Contrôle le volume des effets sonores.","Controlla il volume degli effetti sonori.","効果音の音量を制御します。","음향 효과 볼륨을 제어합니다.","Controla o volume dos efeitos sonoros.","Controla o volume dos efeitos sonoros.","Контролирует громкость звуковых эффектов.","控制音效音量。","控制音效音量。"
"TOOLTIP_SFX_VOLUME_TITLE","Lautstärke der Soundeffekte","Sound Effects Volume","Sound Effects Volume","Sound Effects Volume","Volumen de Efectos de Sonido","","Volume des Effets Sonores","Volume degli Effetti Sonori","効果音ボリューム","음향 효과 볼륨","Volume dos Efeitos Sonoros","Volume dos Efeitos Sonoros","Громкость звуковых эффектов","音效音量","音效音量"
"TOOLTIP_SHADERS_QUALITY_DESC","Definiert die visuelle Qualität der Shader.","Defines the visual quality of shaders.","Defines the visual quality of shaders.","Defines the visual quality of shaders.","Define la calidad visual de los shaders.","","Définit la qualité visuelle des shaders.","Definisce la qualità visiva degli shader.","シェーダーの視覚品質を定義します。","셰이더의 시각적 품질을 정의합니다.","Define a qualidade visual dos shaders.","Define a qualidade visual dos shaders.","Определяет визуальное качество шейдеров.","定义着色器的视觉质量。","定義著色器的視覺品質。"
"TOOLTIP_SHADERS_QUALITY_TITLE","Shader-Qualität","Shaders Quality","Shaders Quality","Shaders Quality","Calidad de Shaders","","Qualité des Shaders","Qualità Shader","シェーダー品質","셰이더 품질","Qualidade dos Shaders","Qualidade dos Shaders","Качество шейдеров","着色器质量","著色器品質"
"TOOLTIP_UI_SCALE_DESC","Passt die Größe der Benutzeroberflächenelemente an.","Adjusts the size of user interface elements.","Adjusts the size of user interface elements.","Adjusts the size of user interface elements.","Ajusta el tamaño de los elementos de la interfaz de usuario.","","Ajuste la taille des éléments de l'interface utilisateur.","Regola la dimensione degli elementi dell'interfaccia utente.","ユーザーインターフェース要素のサイズを調整します。","사용자 인터페이스 요소의 크기를 조정합니다.","Ajusta o tamanho dos elementos da interface do usuário.","Ajusta o tamanho dos elementos da interface do utilizador.","Регулирует размер элементов пользовательского интерфейса.","调整用户界面元素的大小。","調整使用者介面元素的大小。"
"TOOLTIP_UI_SCALE_TITLE","UI-Skalierung","UI Scale","UI Scale","UI Scale","Escala de la UI","","Échelle de l'Interface Utilisateur","Scala UI","UIスケール","UI 스케일","Escala da UI","Escala da UI","Масштаб интерфейса","UI缩放","UI縮放"
"TOOLTIP_UPSCALING_MODE_DESC","Wählt die Upscaling-Technologie (FSR), um die Leistung bei geringerer Renderauflösung zu verbessern.","Selects the upscaling technology (FSR) to improve performance at a lower render resolution.","Selects the upscaling technology (FSR) to improve performance at a lower render resolution.","Selects the upscaling technology (FSR) to improve performance at a lower render resolution.","Selecciona la tecnología de escalado (FSR) para mejorar el rendimiento con una resolución de renderizado menor.","Selecciona la tecnología de escalado (FSR) para mejorar el rendimiento con una resolución de renderizado menor.","Sélectionne la technologie d'upscaling (FSR) pour améliorer les performances à une résolution de rendu inférieure.","Seleziona la tecnologia di upscale (FSR) per migliorare le prestazioni con una risoluzione di rendering inferiore.","アップスケール技術（FSR）を選択し、低い描画解像度でパフォーマンスを向上させます。","낮은 렌더링 해상도에서 성능을 향상시키는 업스케일 기술(FSR)을 선택합니다.","Seleciona a tecnologia de upscale (FSR) para melhorar o desempenho com uma resolução de renderização menor.","Seleciona a tecnologia de upscale (FSR) para melhorar o desempenho com uma resolução de renderização inferior.","Выбирает технологию масштабирования (FSR) для повышения производительности при более низком разрешении рендеринга.","选择升频技术（FSR），以在较低渲染分辨率下提升性能。","選擇升頻技術（FSR），以在較低渲染解析度下提升效能。"
"TOOLTIP_UPSCALING_QUALITY_DESC","Legt fest, wie stark die Renderauflösung im Verhältnis zur Ausgabeauflösung reduziert wird.","Sets how much the render resolution is reduced relative to the output resolution.","Sets how much the render resolution is reduced relative to the output resolution.","Sets how much the render resolution is reduced relative to the output resolution.","Establece en cuánto se reduce la resolución de renderizado en relación con la resolución de salida.","Establece en cuánto se reduce la resolución de renderizado en relación con la resolución de salida.","Définit la réduction de la résolution de rendu par rapport à la résolution de sortie.","Imposta di quanto viene ridotta la risoluzione di rendering rispetto alla risoluzione di uscita.","出力解像度に対して描画解像度をどの程度下げるかを設定します。","출력 해상도 대비 렌더링 해상도를 얼마나 낮출지 설정합니다.","Define o quanto a resolução de renderização é reduzida em relação à resolução de saída.","Define o quanto a resolução de renderização é reduzida em relação à resolução de saída.","Определяет, насколько снижается разрешение рендеринга относительно выходного разрешения.","设置渲染分辨率相对于输出分辨率的降低程度。","設定渲染解析度相對於輸出解析度的降低程度。"
"TOOLTIP_VSYNC_MODE_DESC","Synchronisiert die Bilder mit der Bildwiederholfrequenz Ihres Monitors, um 'Screen Tearing' zu vermeiden.","Synchronises frames with your monitor's refresh rate to prevent 'screen tearing'.","Synchronizes frames with your monitor's refresh rate to prevent 'screen tearing'.","Synchronizes frames with your monitor's refresh rate to prevent 'screen tearing'.","Sincroniza los cuadros con la tasa de actualización de tu monitor para evitar 'screen tearing'.","","Synchronise les images avec le taux de rafraîchissement de votre moniteur pour éviter le 'déchirement d'écran'.","Sincronizza i fotogrammi con la frequenza di aggiornamento del monitor per evitare lo 'screen tearing'.","モニターのリフレッシュレートとフレームを同期させ、'スクリーンティアリング'を防ぎます。","'스크린 티어링'을 방지하기 위해 모니터의 재생률과 프레임을 동기화합니다.","Sincroniza os quadros com a taxa de atualização do seu monitor para evitar 'screen tearing'.","Sincroniza os quadros com a taxa de atualização do seu monitor para evitar 'screen tearing'.","Синхронизирует кадры с частотой обновления вашего монитора, чтобы предотвратить 'разрывы экрана'.","将帧与显示器刷新率同步，以防止'屏幕撕裂'。","將幀與顯示器刷新率同步，以防止'螢幕撕裂'。"
"TOOLTIP_VSYNC_MODE_TITLE","VSync-Modus","VSync Mode","VSync Mode","VSync Mode","Modo VSync","","Mode VSync","Modalità VSync","VSyncモード","VSync 모드","Modo VSync","Modo VSync","Режим VSync","垂直同步模式","垂直同步模式"
"TOOLTIP_WINDOW_MODE_DESC","Ändert die Anzeige des Spielfensters (Fenster, Vollbild, Randlos).","Changes how the game window is displayed (Windowed, Fullscreen, Borderless).","Changes how the game window is displayed (Windowed, Fullscreen, Borderless).","Changes how the game window is displayed (Windowed, Fullscreen, Borderless).","Cambia cómo se muestra la ventana del juego (Ventana, Pantalla Completa, Sin Bordes).","","Modifie l'affichage de la fenêtre du jeu (Fenêtré, Plein Écran, Sans Bordure).","Modifica la visualizzazione della finestra di gioco (Finestra, Schermo Intero, Senza Bordi).","ゲームウィンドウの表示方法を変更します（ウィンドウ、フルスクリーン、ボーダーレス）。","게임 창이 표시되는 방식을 변경합니다 (창 모드, 전체 화면, 테두리 없는 창).","Altera como a janela do jogo é exibida (Janela, Tela Cheia, Sem Bordas).","Altera como a janela do jogo é exibida (Janela, Ecrã Inteiro, Sem Margens).","Изменяет способ отображения окна игры (в окне, полноэкранный, без рамки).","更改游戏窗口的显示方式（窗口化、全屏、无边框）。","更改遊戲視窗的顯示方式（視窗化、全螢幕、無邊框）。"
"TOOLTIP_WINDOW_MODE_TITLE","Fenstermodus","Window Mode","Window Mode","Window Mode","Modo de Ventana","","Mode Fenêtre","Modalità Finestra","ウィンドウモード","창 모드","Modo de Janela","Modo de Janela","Режим окна","窗口模式","視窗模式"
"UI_AMMO","Munition","Ammo","Ammo","Ammo","Munición","Munición","Munitions","Munizioni","弾薬","탄약","Munição","Munição","Боеприпасы","弹药","彈藥"
"UI_APPLY","Anwenden","Apply","Apply","Apply","Aplicar","Aplicar","Appliquer","Applica","適用","적용","Aplicar","Aplicar","Применить","应用","應用"
"UI_ASPECT_EXPAND","Erweitern","Expand","Expand","Expand","Expandir","Expandir","Étendre","Espandi","拡大","확장","Expandir","Expandir","Расширить","扩展","擴展"
"UI_ASPECT_FREE","Frei","Free","Free","Free","Libre","Libre","Libre","Libero","自由","자유","Livre","Livre","Свободный","自由","自由"
"UI_ASPECT_KEEP","Seitenverhältnis beibehalten","Keep Aspect","Keep Aspect","Keep Aspect","Mantener Relación de Aspecto","Mantener Relación de Aspecto","Conserver le Ratio","Mantieni Proporzioni","アスペクト比を維持","화면 비율 유지","Manter Proporção","Manter Proporção","Сохранить соотношение сторон","保持宽高比","保持長寬比"
"UI_ASPECT_KEEP_HEIGHT","Höhe beibehalten","Keep Height","Keep Height","Keep Height","Mantener Alto","Mantener Alto","Conserver la Hauteur","Mantieni Altezza","高さを維持","높이 유지","Manter Altura","Manter Altura","Сохранить высоту","保持高度","保持高度"
"UI_ASPECT_KEEP_WIDTH","Breite beibehalten","Keep Width","Keep Width","Keep Width","Mantener Ancho","Mantener Ancho","Conserver la Largeur","Mantieni Larghezza","幅を維持","너비 유지","Manter Largura","Manter Largura","Сохранить ширину","保持宽度","保持寬度"
"UI_ASPECT_RATIO","Seitenverhältnis","Aspect Ratio","Aspect Ratio","Aspect Ratio","Relación de Aspecto","Relación de Aspecto","Ratio d'Aspect","Proporzioni dello Schermo","アスペクト比","화면 비율","Proporção da Tela","Proporção do Ecrã","Соотношение сторон","宽高比","長寬比"
"UI_AUDIO","Audio","Audio","Audio","Audio","Audio","Audio","Audio","Audio","オーディオ","오디오","Áudio","Áudio","Аудио","音频","音訊"
"UI_AUDIO_OPTIONS","Audio-Optionen","Audio Options","Audio Options","Audio Options","Opciones de Audio","Opciones de Audio","Options Audio","Opzioni Audio","オーディオオプション","오디오 옵션","Opções de Áudio","Opções de Áudio","Настройки аудио","音频选项","音訊選項"
"UI_BACK","Zurück","Back","Back","Back","Volver","Volver","Retour","Indietro","戻る","뒤로","Voltar","Voltar","Назад","返回","返回"
"UI_BRIGHTNESS","Helligkeit","Brightness","Brightness","Brightness","Brillo","Brillo","Luminosité","Luminosità","明るさ","밝기","Brilho","Brilho","Яркость","亮度","亮度"
"UI_CHANGE_GAME","Spiel wechseln","Change Game","Change Game","Change Game","Cambiar Juego","Cambiar Juego","Changer de Jeu","Cambia Gioco","ゲームを変更","게임 변경","Trocar de Jogo","Mudar de Jogo","Сменить игру","更换游戏","更換遊戲"
"UI_COLORBLIND_DEUTERANOPIA","Deuteranopie","Deuteranopia","Deuteranopia","Deuteranopia","Deuteranopia","Deuteranopia","Deutéranopie","Deuteranopia","第二色覚異常","녹색맹","Deuteranopia","Deuteranopia","Дейтеранопия","绿色盲","綠色盲"
"UI_COLORBLIND_NONE","Keine","None","None","None","Ninguno","Ninguno","Aucun","Nessuno","なし","없음","Nenhum","Nenhum","Нет","无","無"
"UI_COLORBLIND_OFF","Aus","Off","Off","Off","Apagado","Apagado","Désactivé","Spento","オフ","끄기","Desligado","Desligado","Выкл.","关闭","關閉"
"UI_COLORBLIND_PROTANOPIA","Protanopie","Protanopia","Protanopia","Protanopia","Protanopia","Protanopia","Protanopie","Protanopia","第一色覚異常","적색맹","Protanopia","Protanopia","Протанопия","红色盲","紅色盲"
"UI_COLORBLIND_TRITANOPIA","Tritanopie","Tritanopia","Tritanopia","Tritanopia","Tritanopia","Tritanopia","Tritanopie","Tritanopia","第三色覚異常","청색맹","Tritanopia","Tritanopia","Тританопия","蓝色盲","藍色盲"
"UI_CONTRAST","Kontrast","Contrast","Contrast","Contrast","Contraste","Contraste","Contraste","Contrasto","コントラスト","대비","Contraste","Contraste","Контраст","对比度","對比度"
"UI_DRS_CUSTOM","Benutzerdefiniert","Custom","Custom","Custom","Personalizado","Personalizado","Personnalisé","Personalizzato","カスタム","사용자 지정","Personalizado","Personalizado","Пользовательский","自定义","自訂"
"UI_DRS_OFF","Aus","Off","Off","Off","Apagado","Apagado","Désactivé","Spento","オフ","끄기","Desligado","Desligado","Выкл.","关闭","關閉"
"UI_DYNAMIC_RENDER_FSR1","FSR 1.0","FSR 1.0","FSR 1.0","FSR 1.0","FSR 1.0","FSR 1.0","FSR 1.0","FSR 1.0","FSR 1.0","FSR 1.0","FSR 1.0","FSR 1.0","FSR 1.0","FSR 1.0","FSR 1.0"
"UI_DYNAMIC_RENDER_FSR2","FSR 2.0","FSR 2.0","FSR 2.0","FSR 2.0","FSR 2.0","FSR 2.0","FSR 2.0","FSR 2.0","FSR 2.0","FSR 2.0","FSR 2.0","FSR 2.0","FSR 2.0","FSR 2.0","FSR 2.0"
"UI_DYNAMIC_RENDER_NONE","Keine","None","None","None","Ninguno","Ninguno","Aucun","Nessuno","なし","없음","Nenhum","Nenhum","Нет","无","無"
"UI_EXIT","Beenden","Exit","Exit","Exit","Salir","Salir","Quitter","Esci","終了","종료","Sair","Sair","Выход","退出","退出"
"UI_FPS_CUSTOM","Benutzerdefiniert","Custom","Custom","Custom","Personalizado","Personalizado","Personnalisé","Personalizzato","カスタム","사용자 지정","Personalizado","Personalizado","Пользовательский","自定义","自訂"
"UI_FRAME_RATE_ADAPTIVE_VSYNC","Adaptives VSync","Adaptive VSync","Adaptive VSync","Adaptive VSync","VSync Adaptativo","VSync Adaptativo","VSync Adaptative","VSync Adattivo","アダプティブVSync","적응형 VSync","VSync Adaptativo","VSync Adaptativo","Адаптивный VSync","自适应垂直同步","自適應垂直同步"
"UI_FRAME_RATE_CUSTOM","Benutzerdefiniert","Custom","Custom","Custom","Personalizado","Personalizado","Personnalisé","Personalizzato","カスタム","사용자 지정","Personalizado","Personalizado","Пользовательский","自定义","自訂"
"UI_FRAME_RATE_LIMIT","FPS-Limit","FPS Limit","FPS Limit","FPS Limit","Límite de FPS","Límite de FPS","Limite de FPS","Limite FPS","FPS制限","FPS 제한","Limite de FPS","Limite de FPS","Лимит FPS","帧率限制","幀率限制"
"UI_FRAME_RATE_NO_LIMIT","Keine Begrenzung","No Limit","No Limit","No Limit","Sin Límite","Sin Límite","Pas de Limite","Nessun Limite","制限なし","제한 없음","Sem Limite","Sem Limite","Без ограничений","无限制","無限制"
"UI_FRAME_RATE_VSYNC","VSync","VSync","VSync","VSync","VSync","VSync","VSync","VSync","VSync","VSync","VSync","VSync","VSync","垂直同步","垂直同步"
"UI_FSR_BALANCED","FSR Ausgewogen","FSR Balanced","FSR Balanced","FSR Balanced","FSR Equilibrado","FSR Equilibrado","FSR Équilibré","FSR Bilanciato","FSRバランス","FSR 균형","FSR Balanceado","FSR Equilibrado","FSR Сбалансированный","FSR 平衡","FSR 平衡"
"UI_FSR_PERFORMANCE","FSR Leistung","FSR Performance","FSR Performance","FSR Performance","FSR Rendimiento","FSR Rendimiento","FSR Performance","FSR Prestazioni","FSR パフォーマンス","FSR 성능","FSR Desempenho","FSR Desempenho","FSR Производительность","FSR 性能","FSR 效能"
"UI_FSR_QUALITY","FSR Qualität","FSR Quality","FSR Quality","FSR Quality","FSR Calidad","FSR Calidad","FSR Qualité","FSR Qualità","FSR 品質","FSR 품질","FSR Qualidade","FSR Qualidade","FSR Качество","FSR 品质","FSR 品質"
"UI_FSR_ULTRA_PERFORMANCE","FSR Ultra-Leistung","FSR Ultra Performance","FSR Ultra Performance","FSR Ultra Performance","FSR Rendimiento Ultra","FSR Rendimiento Ultra","FSR Performance Ultra","FSR Prestazioni Ultra","FSR ウルトラパフォーマンス","FSR 울트라 성능","FSR Desempenho Ultra","FSR Desempenho Ultra","FSR Ультра производительность","FSR 超高性能","FSR 超高效能"
"UI_FSR_ULTRA_QUALITY","FSR Ultra-Qualität","FSR Ultra Quality","FSR Ultra Quality","FSR Ultra Quality","FSR Calidad Ultra","FSR Calidad Ultra","FSR Qualité Ultra","FSR Qualità Ultra","FSR ウルトラ品質","FSR 울트라 품질","FSR Qualidade Ultra","FSR Qualidade Ultra","FSR Ультра качество","FSR 超高品质","FSR 超高品質"
"UI_FULLSCREEN","Vollbild","Fullscreen","Fullscreen","Fullscreen","Pantalla Completa","Pantalla Completa","Plein Écran","Schermo Intero","フルスクリーン","전체 화면","Tela Cheia","Ecrã Inteiro","Полноэкранный режим","全屏","全螢幕"
"UI_GAMMA_CORRECTION","Gammakorrektur","Gamma Correction","Gamma Correction","Gamma Correction","Corrección Gamma","Corrección Gamma","Correction Gamma","Correzione Gamma","ガンマ補正","감마 보정","Correção Gama","Correção Gama","Гамма-коррекция","伽马校正","伽瑪校正"
"UI_HEALTH","Gesundheit","Health","Health","Health","Vida","Vida","Vie","Salute","体力","체력","Vida","Vida","Здоровье","生命值","生命值"
"UI_INPUTMAP","Tastenbelegung","Key Mapping","Key Mapping","Key Mapping","Mapeo de Teclas","Mapeo de Teclas","Mappage des Touches","Mappatura Tasti","キーマッピング","키 매핑","Mapeamento de Teclas","Mapeamento de Teclas","Назначение клавиш","按键映射","按鍵映射"
"UI_INPUTMAP_OPTIONS","Tastenbelegungsoptionen","Key Mapping Options","Key Mapping Options","Key Mapping Options","Opciones de Mapeo de Teclas","Opciones de Mapeo de Teclas","Options de Mappage des Touches","Opzioni Mappatura Tasti","キーマッピングオプション","키 매핑 옵션","Opções de Mapeamento de Teclas","Opções de Mapeamento de Teclas","Настройки назначения клавиш","按键映射选项","按鍵映射選項"
"UI_INPUT_ACTION","Aktion","Action","Action","Action","Acción","Acción","Action","Azione","アクション","액션","Ação","Ação","Действие","动作","動作"
"UI_INPUT_ACTION_MUSIC_CHANGE","Musik wechseln","Change Music","Change Music","Change Music","Cambiar música","Cambiar música","Changer de musique","Cambia musica","音楽を変更","음악 변경","Trocar Música","Trocar Música","Сменить музыку","切换音乐","切換音樂"
"UI_INPUT_ACTION_PAUSE","Pause","Pause","Pause","Pause","Pausa","Pausa","Pause","Pausa","ポーズ","일시정지","Pausar","Pausar","Пауза","暂停","暫停"
"UI_INPUT_ACTION_TOGGLE_CONSOLE","Konsole umschalten","Toggle Console","Toggle Console","Toggle Console","Alternar consola","Alternar consola","Activer/désactiver la console","Attiva/disattiva console","コンソール切替","콘솔 전환","Alternar Console","Alternar Consola","Переключить консоль","切换控制台","切換主控台"
"UI_INPUT_CATEGORY_GENERAL","Allgemein","General","General","General","General","General","Général","Generale","一般","일반","Geral","Geral","Общее","常规","常規"
"UI_INPUT_CONTROLLER","Controller","Controller","Controller","Controller","Controlador","Controlador","Manette","Controller","コントローラー","컨트롤러","Controle","Comando","Контроллер","控制器","控制器"
"UI_INPUT_KEYBOARD","Tastatur","Keyboard","Keyboard","Keyboard","Teclado","Teclado","Clavier","Tastiera","キーボード","키보드","Teclado","Teclado","Клавиатура","键盘","鍵盤"
"UI_INPUT_MOUSE","Maus","Mouse","Mouse","Mouse","Ratón","Ratón","Souris","Mouse","マウス","마우스","Mouse","Rato","Мышь","鼠标","滑鼠"
"UI_INPUT_PRESS_KEY","Taste drücken...","Press a key...","Press a key...","Press a key...","Pulsa una tecla...","Presiona una tecla...","Appuyez sur une touche...","Premi un tasto...","キーを押してください...","키를 누르세요...","Pressione uma tecla...","Prima uma tecla...","Нажмите клавишу...","按任意键...","按任意鍵..."
"UI_INVENTORY_DROP_BUTTON","Ablegen","Drop","Drop","Drop","Soltar","Soltar","Lâcher","Rilascia","捨てる","버리기","Soltar","Largar","Выбросить","丢弃","丟棄"
"UI_INVENTORY_EMPTY_SLOT","Leerer Platz","Empty Slot","Empty Slot","Empty Slot","Espacio Vacío","Espacio Vacío","Emplacement Vide","Slot Vuoto","空のスロット","빈 슬롯","Slot Vazio","Espaço Vazio","Пустой слот","空槽","空槽"
"UI_INVENTORY_TITLE","Inventar","Inventory","Inventory","Inventory","Inventario","Inventario","Inventaire","Inventario","インベントリ","인벤토리","Inventário","Inventário","Инвентарь","库存","庫存"
"UI_INVENTORY_USE_BUTTON","Benutzen","Use","Use","Use","Usar","Usar","Utiliser","Usa","使用","사용","Usar","Usar","Использовать","使用","使用"
"UI_LANGUAGE","Sprache","Language","Language","Language","Idioma","Idioma","Langue","Lingua","言語","언어","Idioma","Idioma","Язык","语言","語言"
"UI_LANGUAGE_AF","Afrikaans","Afrikaans","Afrikaans","Afrikaans","Afrikáans","Afrikáans","Afrikaans","Afrikaans","アフリカーンス語","아프리칸스어","Africâner","Africâner","Африкаанс","南非荷兰语","南非荷蘭文"
"UI_LANGUAGE_AM","Amharisch","Amharic","Amharic","Amharic","Amárico","Amárico","Amharique","Amarico","アムハラ語","암하라어","Amárico","Amárico","Амхарский","阿姆哈拉语","阿姆哈拉文"
"UI_LANGUAGE_AR","Arabisch","Arabic","Arabic","Arabic","Árabe","Árabe","Arabe","Arabo","アラビア語","아랍어","Árabe","Árabe","Арабский","阿拉伯语","阿拉伯文"
"UI_LANGUAGE_BN","Bengalisch","Bengali","Bengali","Bengali","Bengalí","Bengalí","Bengali","Bengalese","ベンガル語","벵골어","Bengali","Bengali","Бенгальский","孟加拉语","孟加拉文"
"UI_LANGUAGE_DE","Deutsch","German","German","German","Alemán","Alemán","Allemand","Tedesco","ドイツ語","독일어","Alemão","Alemão","Немецкий","德语","德文"
"UI_LANGUAGE_EN_GB","Englisch (Großbritannien)","English (UK)","English (UK)","English (UK)","Inglés (Reino Unido)","Inglés (Reino Unido)","Anglais (R-U)","Inglese (Regno Unito)","英語 (英国)","영어 (영국)","Inglês (Reino Unido)","Inglês (Reino Unido)","Английский (Великобритания)","英语 (英国)","英文 (英國)"
"UI_LANGUAGE_EN_IN","Englisch (Indien)","English (India)","English (India)","English (India)","Inglés (India)","Inglés (India)","Anglais (Inde)","Inglese (India)","英語 (インド)","영어 (인도)","Inglês (Índia)","Inglês (Índia)","Английский (Индия)","英语 (印度)","英文 (印度)"
"UI_LANGUAGE_EN_US","Englisch (USA)","English (US)","English (US)","English (US)","Inglés (EE. UU.)","Inglés (EE. UU.)","Anglais (É-U)","Inglese (USA)","英語 (米国)","영어 (미국)","Inglês (EUA)","Inglês (EUA)","Английский (США)","英语 (美国)","英文 (美國)"
"UI_LANGUAGE_ES_ES","Spanisch (Spanien)","Spanish (Spain)","Spanish (Spain)","Spanish (Spain)","Español (España)","Español (España)","Espagnol (Espagne)","Spagnolo (Spagna)","スペイン語 (スペイン)","스페인어 (스페인)","Espanhol (Espanha)","Espanhol (Espanha)","Испанский (Испания)","西班牙语 (西班牙)","西班牙文 (西班牙)"
"UI_LANGUAGE_ES_LA","Spanisch (Amerika)","Spanish (America)","Spanish (America)","Spanish (America)","Español (América)","Español (América)","Espagnol (Amérique)","Spagnolo (America)","スペイン語 (アメリカ)","스페인어 (아메리카)","Espanhol (América)","Espanhol (América)","Испанский (Америка)","西班牙语 (美洲)","西班牙文 (美洲)"
"UI_LANGUAGE_FIL","Filipino","Filipino","Filipino","Filipino","Filipino","Filipino","Filipino","Filippino","フィリピン語","필리핀어","Filipino","Filipino","Филиппинский","菲律宾语","菲律賓文"
"UI_LANGUAGE_FR","Französisch","French","French","French","Francés","Francés","Français","Francese","フランス語","프랑스어","Francês","Francês","Французский","法语","法文"
"UI_LANGUAGE_HA","Hausa","Hausa","Hausa","Hausa","Hausa","Hausa","Haoussa","Hausa","ハウサ語","하우사어","Hauçá","Haúça","Хауса","豪萨语","豪薩文"
"UI_LANGUAGE_HI","Hindi","Hindi","Hindi","Hindi","Hindi","Hindi","Hindi","Hindi","ヒンディー語","힌디어","Hindi","Hindi","Хинди","印地语","印地文"
"UI_LANGUAGE_ID","Indonesisch","Indonesian","Indonesian","Indonesian","Indonesio","Indonesio","Indonésien","Indonesiano","インドネシア語","인도네시아어","Indonésio","Indonésio","Индонезийский","印度尼西亚语","印尼文"
"UI_LANGUAGE_IT","Italienisch","Italian","Italian","Italian","Italiano","Italiano","Italien","Italiano","イタリア語","이탈리아어","Italiano","Italiano","Итальянский","意大利语","義大利文"
"UI_LANGUAGE_JA","Japanisch","Japanese","Japanese","Japanese","Japonés","Japonés","Japonais","Giapponese","日本語","일본어","Japonês","Japonês","Японский","日语","日文"
"UI_LANGUAGE_KO","Koreanisch","Korean","Korean","Korean","Coreano","Coreano","Coréen","Coreano","韓国語","한국어","Coreano","Coreano","Корейский","韩语","韓文"
"UI_LANGUAGE_NL","Niederländisch","Dutch","Dutch","Dutch","Holandés","Holandés","Néerlandais","Olandese","オランダ語","네덜란드어","Holandês","Holandês","Голландский","荷兰语","荷蘭文"
"UI_LANGUAGE_OPTIONS","Sprachoptionen","Language Options","Language Options","Language Options","Opciones de Idioma","Opciones de Idioma","Options de Langue","Opzioni Lingua","言語","언어 옵션","Opções de Idioma","Opções de Idioma","Настройки языка","语言选项","語言選項"
"UI_LANGUAGE_PL","Polnisch","Polish","Polish","Polish","Polaco","Polaco","Polonais","Polacco","ポーランド語","폴란드어","Polonês","Polaco","Польский","波兰语","波蘭文"
"UI_LANGUAGE_PT_BR","Portugiesisch (Brasilien)","Portuguese (Brazil)","Portuguese (Brazil)","Portuguese (Brazil)","Portugués (Brasil)","Portugués (Brasil)","Portugais (Brésil)","Portoghese (Brasile)","ポルトガル語 (ブラジル)","포르투갈어 (브라질)","Português (Brasil)","Português (Brasil)","Португальский (Бразилия)","葡萄牙语 (巴西)","葡萄牙文 (巴西)"
"UI_LANGUAGE_PT_PT","Portugiesisch (Portugal)","Portuguese (Portugal)","Portuguese (Portugal)","Portuguese (Portugal)","Portugués (Portugal)","Portugués (Portugal)","Portugais (Portugal)","Portoghese (Portogallo)","ポルトガル語 (ポルトガル)","포르투갈어 (포르투갈)","Português (Portugal)","Português (Portugal)","Португальский (Португалия)","葡萄牙语 (葡萄牙)","葡萄牙文 (葡萄牙)"
"UI_LANGUAGE_RU","Russisch","Russian","Russian","Russian","Ruso","Ruso","Russe","Russo","ロシア語","러시아어","Russo","Russo","Русский","俄语","俄文"
"UI_LANGUAGE_SW","Swahili","Swahili","Swahili","Swahili","Suajili","Suajili","Swahili","Swahili","スワヒリ語","스와힐리어","Suaíli","Suaíli","Суахили","斯瓦希里语","斯瓦希里文"
"UI_LANGUAGE_TR","Türkisch","Turkish","Turkish","Turkish","Turco","Turco","Turc","Turco","トルコ語","터키어","Turco","Turco","Турецкий","土耳其语","土耳其文"
"UI_LANGUAGE_VI","Vietnamesisch","Vietnamese","Vietnamese","Vietnamese","Vietnamita","Vietnamita","Vietnamien","Vietnamita","ベトナム語","베트남어","Vietnamita","Vietnamita","Вьетнамский","越南语","越南文"
"UI_LANGUAGE_YO","Yoruba","Yoruba","Yoruba","Yoruba","Yoruba","Yoruba","Yoruba","Yoruba","ヨルバ語","요루바어","Iorubá","Iorubá","Йоруба","约鲁巴语","約魯巴文"
"UI_LANGUAGE_ZH","Chinesisch","Chinese","Chinese","Chinese","Chino","Chino","Chinois","Cinese","中国語","중국어","Chinês","Chinês","Китайский","中文","中文"
"UI_LANGUAGE_ZH_HANS","Chinesisch (vereinfacht)","Chinese (Simplified)","Chinese (Simplified)","Chinese (Simplified)","Chino (Simplificado)","Chino (Simplificado)","Chinois (Simplifié)","Cinese (Semplificato)","中国語 (簡体字)","중국어 (간체)","Chinês (Simplificado)","Chinês (Simplificado)","Китайский (упрощенный)","中文 (简体)","中文 (簡體)"
"UI_LANGUAGE_ZH_HANT","Chinesisch (traditionell)","Chinese (Traditional)","Chinese (Traditional)","Chinese (Traditional)","Chino (Tradicional)","Chino (Tradicional)","Chinois (Traditionnel)","Cinese (Tradizionale)","中国語 (繁体字)","중국어 (번체)","Chinês (Tradicional)","Chinês (Tradicional)","Китайский (традиционный)","中文 (繁体)","中文 (繁體)"
"UI_MAIN_MENU_TITLE","Brunos Vorlage","Bruno's Template","Bruno's Template","Bruno's Template","Plantilla de Bruno","Plantilla de Bruno","Modèle de Bruno","Template di Bruno","ブルーノのテンプレート","브루노의 템플릿","Template do Bruno","Template do Bruno","Шаблон Бруно","布鲁诺的模板","布魯諾的模板"
"UI_MASTER_VOLUME","Gesamtlautstärke","Master","Master","Master","General","General","Général","Generale","マスター","마스터","Geral","Geral","Общая громкость","主音量","主音量"
"UI_MAX_FRAME_RATE","Max. FPS","Max FPS","Max FPS","Max FPS","FPS Máximo","FPS Máximo","FPS Maximum","Max FPS","最大FPS","최대 FPS","FPS Máximo","FPS Máximo","Макс. FPS","最大帧率","最大幀率"
"UI_MONITOR","Monitor","Monitor","Monitor","Monitor","Monitor","Monitor","Moniteur","Monitor","モニター","모니터","Monitor","Monitor","Монитор","显示器","顯示器"
"UI_MUSIC_VOLUME","Musik","Music","Music","Music","Música","Música","Musique","Musica","音楽","음악","Música","Música","Музыка","音乐","音樂"
"UI_NEW_GAME","Neues Spiel","New Game","New Game","New Game","Nuevo Juego","Nuevo Juego","Nouvelle Partie","Nuova Partita","新しいゲーム","새 게임","Novo Jogo","Novo Jogo","Новая игра","新游戏","新遊戲"
"UI_NO","Nein","No","No","No","No","No","Non","No","いいえ","아니요","Não","Não","Нет","否","否"
"UI_NONE","Keine","None","None","None","Ninguno","Ninguno","Aucun","Nessuno","なし","없음","Nenhum","Nenhum","Нет","无","無"
"UI_OPTIONS","Optionen","Options","Options","Options","Opciones","Opciones","Options","Opzioni","オプション","옵션","Opções","Opções","Настройки","选项","選項"
"UI_PAUSE_MENU_TITLE","Pausiert","Paused","Paused","Paused","Pausado","Pausado","En Pause","In Pausa","一時停止中","일시정지됨","Pausado","Pausado","Пауза","已暂停","已暫停"
"UI_QUALITY_HIGH","Hoch","High","High","High","Alta","Alta","Élevée","Alta","高","높음","Alta","Alta","Высокое","高","高"
"UI_QUALITY_LOW","Niedrig","Low","Low","Low","Baja","Baja","Faible","Bassa","低","낮음","Baixa","Baixa","Низкое","低","低"
"UI_QUALITY_MEDIUM","Mittel","Medium","Medium","Medium","Media","Media","Moyenne","Media","中","중간","Média","Média","Среднее","中","中"
"UI_QUIT_CONFIRMATION_PROMPT","Möchten Sie wirklich beenden?","Are you sure you want to quit?","Are you sure you want to quit?","Are you sure you want to quit?","¿Desea realmente salir?","¿Desea realmente salir?","Voulez-vous vraiment quitter ?","Vuoi davvero uscire?","本当に終了しますか？","정말로 종료하시겠습니까?","Deseja realmente sair?","Deseja realmente sair?","Вы действительно хотите выйти?","您确定要退出吗？","您確定要退出嗎？"
"UI_REDUCE_SCREEN_SHAKE","Bildschirmzittern reduzieren","Reduce Screen Shake","Reduce Screen Shake","Reduce Screen Shake","Reducir Temblor de Pantalla","Reducir Temblor de Pantalla","Réduire les Tremblements d'Écran","Riduci Tremolio Schermo","画面揺れを軽減","화면 흔들림 감소","Reduzir Tremor de Tela","Reduzir Tremor de Ecrã","Уменьшить дрожание экрана","减少屏幕抖动","減少螢幕抖動"
"UI_RELOAD_PROMPT","Drücken Sie R zum Nachladen","Press R to Reload","Press R to Reload","Press R to Reload","Pulsa R para Recargar","Presiona R para Recargar","Appuyez sur R pour Recharger","Premi R per Ricaricare","Rを押してリロード","재장전하려면 R을 누르세요","Pressione R para Recarregar","Prima R para Recarregar","Нажмите R для перезарядки","按 R 重新装弹","按 R 重新裝彈"
"UI_RENDER_SCALE","Render-Skalierung","Render Scale","Render Scale","Render Scale","Escala de Renderizado","Escala de Renderizado","Échelle de Rendu","Scala di Rendering","レンダースケール","렌더링 스케일","Escala de Renderização","Escala de Renderização","Масштаб рендеринга","渲染缩放","渲染縮放"
"UI_RESET_DEFAULTS","Auf Standard zurücksetzen","Reset to Defaults","Reset to Defaults","Reset to Defaults","Restablecer valores predeterminados","Restablecer valores predeterminados","Réinitialiser par défaut","Ripristina predefiniti","デフォルトに戻す","기본값으로 재설정","Restaurar Padrões","Restaurar Predefinições","Сбросить настройки","恢复默认设置","恢復預設值"
"UI_RESOLUTION","Auflösung","Resolution","Resolution","Resolution","Resolución","Resolución","Résolution","Risoluzione","解像度","해상도","Resolução","Resolução","Разрешение","分辨率","解析度"
"UI_RESUME_GAME","Spiel fortsetzen","Resume Game","Resume Game","Resume Game","Volver al Juego","Volver al Juego","Reprendre la Partie","Riprendi Partita","ゲームを再開","게임 재개","Voltar ao Jogo","Retomar Jogo","Продолжить игру","继续游戏","繼續遊戲"
"UI_SCALE_100_PERCENT","100%","100%","100%","100%","100%","100%","100%","100%","100%","100%","100%","100%","100%","100%","100%"
"UI_SCALE_125_PERCENT","125%","125%","125%","125%","125%","125%","125%","125%","125%","125%","125%","125%","125%","125%","125%"
"UI_SCALE_150_PERCENT","150%","150%","150%","150%","150%","150%","150%","150%","150%","150%","150%","150%","150%","150%","150%"
"UI_SCALE_175_PERCENT","175%","175%","175%","175%","175%","175%","175%","175%","175%","175%","175%","175%","175%","175%","175%"
"UI_SCALE_200_PERCENT","200%","200%","200%","200%","200%","200%","200%","200%","200%","200%","200%","200%","200%","200%","200%"
"UI_SCALE_PRESET","UI-Skalierung","UI Scale","UI Scale","UI Scale","Escala de la UI","Escala de la UI","Échelle de l'Interface Utilisateur","Scala UI","UIスケール","UI 스케일","Escala da UI","Escala da UI","Масштаб интерфейса","UI缩放","UI縮放"
"UI_SETTINGS_TITLE","Einstellungen","Settings","Settings","Settings","Configuración","Configuración","Paramètres","Impostazioni","設定","설정","Configurações","Definições","Настройки","设置","設定"
"UI_SFX_VOLUME","Soundeffekte","Sound Effects","Sound Effects","Sound Effects","Efectos de Sonido","Efectos de Sonido","Effets Sonores","Effetti Sonori","効果音","음향 효과","Efeitos Sonoros","Efeitos Sonoros","Звуковые эффекты","音效","音效"
"UI_UPSCALE_FSR1","FSR 1.0","FSR 1.0","FSR 1.0","FSR 1.0","FSR 1.0","FSR 1.0","FSR 1.0","FSR 1.0","FSR 1.0","FSR 1.0","FSR 1.0","FSR 1.0","FSR 1.0","FSR 1.0","FSR 1.0"
"UI_UPSCALE_FSR2","FSR 2.0","FSR 2.0","FSR 2.0","FSR 2.0","FSR 2.0","FSR 2.0","FSR 2.0","FSR 2.0","FSR 2.0","FSR 2.0","FSR 2.0","FSR 2.0","FSR 2.0","FSR 2.0","FSR 2.0"
"UI_UPSCALE_MODE","Upscale-Modus","Upscale Mode","Upscale Mode","Upscale Mode","Modo de Escalado","Modo de Escalado","Mode d'Upscaling","Modalità Upscale","アップスケールモード","업스케일 모드","Modo de Upscale","Modo de Upscale","Режим масштабирования","升频模式","升頻模式"
"UI_UPSCALING_NONE","Keine","None","None","None","Ninguno","Ninguno","Aucun","Nessuno","なし","없음","Nenhum","Nenhum","Нет","无","無"
"UI_UPSCALING_QUALITY","Upscale-Qualität","Upscaling Quality","Upscaling Quality","Upscaling Quality","Calidad de Escalado","Calidad de Escalado","Qualité d'Upscaling","Qualità Upscale","アップスケール品質","업스케일 품질","Qualidade de Upscale","Qualidade de Upscale","Качество масштабирования","升频质量","升頻品質"
"UI_VIDEO","Video","Video","Video","Video","Vídeo","Video","Vidéo","Video","ビデオ","비디오","Vídeo","Vídeo","Видео","视频","視訊"
"UI_VIDEO_OPTIONS","Video-Optionen","Video Options","Video Options","Video Options","Opciones de Vídeo","Opciones de Video","Options Vidéo","Opzioni Video","ビデオオプション","비디오 옵션","Opções de Vídeo","Opções de Vídeo","Настройки видео","视频选项","視訊選項"
"UI_VSYNC","VSync","VSync","VSync","VSync","VSync","VSync","VSync","VSync","VSync","VSync","VSync","VSync","VSync","垂直同步","垂直同步"
"UI_VSYNC_ADAPTIVE","Adaptiv","Adaptive","Adaptive","Adaptive","Adaptativo","Adaptativo","Adaptatif","Adattivo","アダプティブ","적응형","Adaptativo","Adaptativo","Адаптивный","自适应","自適應"
"UI_VSYNC_DISABLED","Deaktiviert","Disabled","Disabled","Disabled","Desactivado","Desactivado","Désactivé","Disabilitato","無効","비활성화됨","Desligado","Desativado","Отключено","已禁用","已禁用"
"UI_VSYNC_ENABLED","Aktiviert","Enabled","Enabled","Enabled","Activado","Activado","Activé","Abilitato","有効","활성화됨","Ligado","Ativado","Включено","已启用","已啟用"
"UI_VSYNC_OFF","Aus","Off","Off","Off","Apagado","Apagado","Désactivé","Spento","オフ","끄기","Desligado","Desligado","Выкл.","关闭","關閉"
"UI_VSYNC_ON","An","On","On","On","Encendido","Encendido","Activé","Acceso","オン","켜기","Ligado","Ligado","Вкл.","开启","開啟"
"UI_WINDOW_MODE","Fenstermodus","Window Mode","Window Mode","Window Mode","Modo de Ventana","Modo de Ventana","Mode Fenêtre","Modalità Finestra","ウィンドウモード","창 모드","Modo de Janela","Modo de Janela","Режим окна","窗口模式","視窗模式"
"UI_WINDOW_MODE_BORDERLESS","Fenster ohne Rahmen","Borderless Window","Borderless Window","Borderless Window","Ventana sin Bordes","Ventana sin Bordes","Fenêtre sans Bordure","Finestra senza Bordi","ボーダーレスウィンドウ","테두리 없는 창","Janela sem Bordas","Janela sem Margens","Окно без рамки","无边框窗口","無邊框視窗"
"UI_WINDOW_MODE_FULLSCREEN","Vollbild","Fullscreen","Fullscreen","Fullscreen","Pantalla Completa","Pantalla Completa","Plein Écran","Schermo Intero","フルスクリーン","전체 화면","Tela Cheia","Ecrã Inteiro","Полноэкранный режим","全屏","全螢幕"
"UI_WINDOW_MODE_WINDOWED","Fenster","Windowed","Windowed","Windowed","Ventana","Ventana","Fenêtré","Finestra","ウィンドウ","창 모드","Janela","Janela","В окне","窗口模式","視窗模式"
"UI_YES","Ja","Yes","Yes","Yes","Sí","Sí","Oui","Sì","はい","예","Sim","Sim","Да","是","是"
"WEAPON_BOW_DESC","Eine Fernkampfwaffe für leise Ausschaltungen.","A long-range weapon for silent takedowns.","A long-range weapon for silent takedowns.","A long-range weapon for silent takedowns.","Un arma de largo alcance para eliminaciones silenciosas.","Un arma de largo alcance para eliminaciones silenciosas.","Une arme à longue portée pour des éliminations silencieuses.","Un'arma a lungo raggio per eliminazioni silenziose.","静かな排除のための長距離武器。","조용한 처치를 위한 장거리 무기입니다.","Uma arma de longo alcance para abates silenciosos.","Uma arma de longo alcance para abates silenciosos.","Дальнобойное оружие для бесшумных убийств.","用于无声击杀的远程武器。","用於無聲擊殺的遠程武器。"
"WEAPON_BOW_NAME","Bogen","Bow","Bow","Bow","Arco","Arco","Arc","Arco","弓","활","Arco","Arco","Лук","弓","弓"
"WEAPON_GRENADE_DESC","Sprengvorrichtung für Flächenschaden.","Explosive device for area damage.","Explosive device for area damage.","Explosive device for area damage.","Dispositivo explosivo para daño en área.","Dispositivo explosivo para daño en área.","Dispositif explosif pour des dégâts de zone.","Dispositivo esplosivo per danni ad area.","範囲ダメージを与える爆発装置。","범위 피해를 위한 폭발 장치입니다.","Dispositivo explosivo para dano em área.","Dispositivo explosivo para dano em área.","Взрывное устройство для нанесения урона по области.","用于区域伤害的爆炸装置。","用於區域傷害的爆炸裝置。"
"WEAPON_GRENADE_NAME","Granate","Grenade","Grenade","Grenade","Granada","Granada","Grenade","Granata","手榴弾","수류탄","Granada","Granada","Граната","手榴弹","手榴彈"
"WEAPON_MACHINE_GUN_DESC","Hohe Feuerrate, verheerend auf kurze Distanz.","High rate of fire, devastating at close range.","High rate of fire, devastating at close range.","High rate of fire, devastating at close range.","Alta cadencia de fuego, devastadora a corta distancia.","Alta cadencia de fuego, devastadora a corta distancia.","Cadence de tir élevée, dévastatrice à courte portée.","Alta cadenza di fuoco, devastante a distanza ravvicinata.","高い連射速度、近距離で壊滅的。","높은 발사 속도, 근거리에서 파괴적입니다.","Alta cadência de tiro, devastadora a curta distância.","Alta cadência de tiro, devastadora a curta distância.","Высокая скорострельность, разрушительная на близком расстоянии.","高射速，近距离破坏力强。","高射速，近距離破壞力強。"
"WEAPON_MACHINE_GUN_NAME","Maschinengewehr","Machine Gun","Machine Gun","Machine Gun","Ametralladora","Ametralladora","Mitrailleuse","Mitragliatrice","機関銃","기관총","Metralhadora","Metralhadora","Пулемет","机枪","機槍"
"WEAPON_PISTOL_DESC","Eine zuverlässige Handfeuerwaffe für schnelle Schüsse.","A reliable handgun for quick shots.","A reliable handgun for quick shots.","A reliable handgun for quick shots.","Un arma de mano fiable para disparos rápidos.","Un arma de mano fiable para disparos rápidos.","Une arme de poing fiable pour des tirs rapides.","Una pistola affidabile per colpi rapidi.","素早い射撃のための信頼できるハンドガン。","빠른 사격을 위한 믿을 수 있는 권총입니다.","Uma arma de mão confiável para tiros rápidos.","Uma arma de mão fiável para tiros rápidos.","Надежный пистолет для быстрых выстрелов.","用于快速射击的可靠手枪。","用於快速射擊的可靠手槍。"
"WEAPON_PISTOL_NAME","Pistole","Pistol","Pistol","Pistol","Pistola","Pistola","Pistolet","Pistola","ピストル","권총","Pistola","Pistola","Пистолет","手枪","手槍"
"WEAPON_PUNCH_DESC","Ihr grundlegender Nahkampfangriff.","Your basic melee attack.","Your basic melee attack.","Your basic melee attack.","Tu ataque cuerpo a cuerpo básico.","Tu ataque cuerpo a cuerpo básico.","Votre attaque de mêlée de base.","Il tuo attacco corpo a corpo base.","あなたの基本的な近接攻撃。","기본 근접 공격입니다.","Seu ataque corpo a corpo básico.","O seu ataque corpo a corpo básico.","Ваша базовая рукопашная атака.","你的基本近战攻击。","你的基本近戰攻擊。"
"WEAPON_PUNCH_NAME","Schlag","Punch","Punch","Punch","Puñetazo","Puñetazo","Coup de Poing","Pugno","パンチ","펀치","Soco","Soco","Удар","拳击","拳擊"
"WEAPON_SWORD_DESC","Eine scharfe Klinge für den Nahkampf.","A sharp blade for close combat.","A sharp blade for close combat.","A sharp blade for close combat.","Una hoja afilada para combate cercano.","Una hoja afilada para combate cercano.","Une lame tranchante pour le combat rapproché.","Una lama affilata per il combattimento ravvicinato.","近接戦闘用の鋭い刃。","근접 전투를 위한 날카로운 칼날입니다.","Uma lâmina afiada para combate próximo.","Uma lâmina afiada para combate próximo.","Острое лезвие для ближнего боя.","用于近战的锋利刀刃。","用於近戰的鋒利刀刃。"
"WEAPON_SWORD_NAME","Schwert","Sword","Sword","Sword","Espada","Espada","Épée","Spada","剣","검","Espada","Espada","Меч","剑","劍"
"ui.main_menu.exit_tooltip","Beendet das Spiel.","Exits the game.","Exits the game.","Exits the game.","Sale del juego.","Sale del juego.","Quitte le jeu.","Esci dal gioco.","ゲームを終了します。","게임을 종료합니다.","Sai do jogo.","Sai do jogo.","Выйти из игры.","退出游戏。","退出遊戲。"
"ui.main_menu.new_game_tooltip","Startet ein neues Spiel von Anfang an.","Starts a new game from the beginning.","Starts a new game from the beginning.","Starts a new game from the beginning.","Inicia un nuevo juego desde el principio.","Inicia un nuevo juego desde el principio.","Démarre une nouvelle partie depuis le début.","Avvia una nuova partita dall'inizio.","最初から新しいゲームを開始します。","처음부터 새 게임을 시작합니다.","Inicia um novo jogo do começo.","Inicia um novo jogo do início.","Начать новую игру с самого начала.","从头开始新游戏。","從頭開始新遊戲。"
"ui.main_menu.options_tooltip","Passt die Spieleinstellungen wie Video, Audio und Steuerung an.","Adjusts game settings, such as video, audio, and controls.","Adjusts game settings, such as video, audio, and controls.","Adjusts game settings, such as video, audio, and controls.","Ajusta la configuración del juego, como vídeo, audio y controles.","Ajusta la configuración del juego, como vídeo, audio y controles.","Ajuste les paramètres du jeu, tels que la vidéo, l'audio et les commandes.","Regola le impostazioni di gioco, come video, audio e controlli.","ビデオ、オーディオ、コントロールなどのゲーム設定を調整します。","비디오, 오디오, 컨트롤과 같은 게임 설정을 조정합니다.","Ajusta as configurações do jogo, como vídeo, áudio e controles.","Ajusta as definições do jogo, como vídeo, áudio e controlos.","Настроить параметры игры, такие как видео, аудио и управление.","调整游戏设置，例如视频、音频和控制。","調整遊戲設定，例如視訊、音訊和控制。"
"ui.pause_menu.exit_tooltip","Beendet das Spiel.","Exits the game.","Exits the game.","Exits the game.","Sale del juego.","Sale del juego.","Quitte le jeu.","Esci dal gioco.","ゲームを終了します。","게임을 종료합니다.","Sai do jogo.","Sai do jogo.","Выйти из игры.","退出游戏。","退出遊戲。"
"ui.pause_menu.options_tooltip","Passt die Spieleinstellungen wie Video, Audio und Steuerung an.","Adjusts game settings, such as video, audio, and controls.","Adjusts game settings, such as video, audio, and controls.","Adjusts game settings, such as video, audio, and controls.","Ajusta la configuración del juego, como vídeo, audio y controles.","Ajusta la configuración del juego, como vídeo, audio y controles.","Ajuste les paramètres du jeu, tels que la vidéo, l'audio et les commandes.","Regola le impostazioni di gioco, come video, audio e controlli.","ビデオ、オーディオ、コントロールなどのゲーム設定を調整します。","비디오, 오디오, 컨트롤과 같은 게임 설정을 조정합니다.","Ajusta as configurações do jogo, como vídeo, áudio e controles.","Ajusta as definições do jogo, como vídeo, áudio e controlos.","Настроить параметры игры, такие как видео, аудио и управление.","调整游戏设置，例如视频、音频和控制。","調整遊戲設定，例如視訊、音訊和控制。"
"ui.pause_menu.resume_game_tooltip","Setzt das aktuelle Spiel fort.","Resumes the current game.","Resumes the current game.","Resumes the current game.","Reanuda el juego actual.","Reanuda el juego actual.","Reprend la partie actuelle.","Riprendi la partita attuale.","現在のゲームを再開します。","현재 게임을 재개합니다.","Retoma o jogo atual.","Retoma o jogo atual.","Продолжить текущую игру.","恢复当前游戏。","恢復目前遊戲。"
